35,0.0,0.0,0.15706806282722513,-0.14136125654450263,0.25654450261780104,-0.3298429319371728,0.32460732984293195,-0.4973821989528796,0.418848167539267,-0.6020942408376964,0.020942408376963352,-0.5340314136125655,-0.03664921465968586,-0.743455497382199,-0.07853403141361257,-0.8952879581151832,-0.10471204188481675,-1.0,-0.10471204188481675,-0.5078534031413613,-0.21465968586387435,-0.5759162303664922,-0.21465968586387435,-0.4869109947643979,-0.17801047120418848,-0.4293193717277487,-0.21465968586387435,-0.44502617801047123,-0.3298429319371728,-0.518324607329843,-0.31413612565445026,-0.4397905759162304,-0.2670157068062827,-0.387434554973822,-0.31413612565445026,-0.3612565445026178,-0.43455497382198954,-0.5026178010471204,-0.518324607329843,-0.581151832460733,-0.581151832460733,-0.6544502617801047
35,0.0,0.0,0.16145833333333334,-0.14583333333333334,0.2552083333333333,-0.328125,0.3177083333333333,-0.4947916666666667,0.40625,-0.5989583333333334,0.026041666666666668,-0.5364583333333334,-0.036458333333333336,-0.75,-0.08333333333333333,-0.8958333333333334,-0.11458333333333333,-1.0,-0.09895833333333333,-0.515625,-0.203125,-0.5885416666666666,-0.19791666666666666,-0.4947916666666667,-0.16145833333333334,-0.4322916666666667,-0.20833333333333334,-0.453125,-0.3177083333333333,-0.53125,-0.3020833333333333,-0.4583333333333333,-0.2552083333333333,-0.4010416666666667,-0.3072916666666667,-0.3697916666666667,-0.4166666666666667,-0.515625,-0.5,-0.59375,-0.5625,-0.671875
35,0.0,0.0,0.16756756756756758,-0.15675675675675677,0.2594594594594595,-0.34594594594594597,0.32432432432432434,-0.5243243243243243,0.42162162162162165,-0.6270270270270271,0.021621621621621623,-0.5567567567567567,-0.04864864864864865,-0.7567567567567568,-0.0972972972972973,-0.8972972972972973,-0.12432432432432433,-1.0,-0.10810810810810811,-0.5351351351351351,-0.21081081081081082,-0.6054054054054054,-0.20540540540540542,-0.5081081081081081,-0.16216216216216217,-0.44324324324324327,-0.22162162162162163,-0.4648648648648649,-0.33513513513513515,-0.5513513513513514,-0.31351351351351353,-0.4648648648648649,-0.2648648648648649,-0.40540540540540543,-0.32972972972972975,-0.3837837837837838,-0.4486486486486487,-0.5351351351351351,-0.5351351351351351,-0.6162162162162163,-0.6054054054054054,-0.6918918918918919
35,0.0,0.0,0.21804511278195488,-0.23308270676691728,0.3458646616541353,-0.48872180451127817,0.43609022556390975,-0.7368421052631579,0.5714285714285714,-0.8796992481203008,0.015037593984962405,-0.7744360902255639,-0.11278195488721804,-0.9548872180451128,-0.16541353383458646,-0.9774436090225563,-0.17293233082706766,-1.0,-0.17293233082706766,-0.7443609022556391,-0.3082706766917293,-0.8345864661654135,-0.2932330827067669,-0.7142857142857143,-0.24060150375939848,-0.631578947368421,-0.3308270676691729,-0.6541353383458647,-0.48120300751879697,-0.7744360902255639,-0.45864661654135336,-0.6691729323308271,-0.38345864661654133,-0.5939849624060151,-0.48120300751879697,-0.5413533834586466,-0.6390977443609023,-0.7443609022556391,-0.7593984962406015,-0.849624060150376,-0.849624060150376,-0.9624060150375939
35,0.0,0.0,0.17751479289940827,-0.17159763313609466,0.2781065088757396,-0.3905325443786982,0.33727810650887574,-0.5857988165680473,0.4378698224852071,-0.6982248520710059,0.023668639053254437,-0.621301775147929,-0.0650887573964497,-0.8047337278106509,-0.1242603550295858,-0.9171597633136095,-0.14792899408284024,-1.0,-0.11834319526627218,-0.5976331360946746,-0.2485207100591716,-0.6627218934911243,-0.2485207100591716,-0.5680473372781065,-0.20710059171597633,-0.5029585798816568,-0.2485207100591716,-0.5207100591715976,-0.38461538461538464,-0.6094674556213018,-0.3668639053254438,-0.5325443786982249,-0.31952662721893493,-0.47928994082840237,-0.3609467455621302,-0.4319526627218935,-0.4970414201183432,-0.591715976331361,-0.5976331360946746,-0.6745562130177515,-0.6745562130177515,-0.757396449704142
35,0.0,0.0,0.23015873015873015,-0.23809523809523808,0.373015873015873,-0.5238095238095238,0.4523809523809524,-0.7857142857142857,0.5793650793650794,-0.9285714285714286,0.023809523809523808,-0.8174603174603174,-0.1111111111111111,-0.9285714285714286,-0.14285714285714285,-0.8333333333333334,-0.11904761904761904,-0.753968253968254,-0.1746031746031746,-0.7857142857142857,-0.3333333333333333,-0.8571428571428571,-0.3333333333333333,-0.746031746031746,-0.29365079365079366,-0.6587301587301587,-0.3492063492063492,-0.6904761904761905,-0.5238095238095238,-0.7936507936507936,-0.5158730158730159,-0.6984126984126984,-0.4523809523809524,-0.6190476190476191,-0.5079365079365079,-0.5714285714285714,-0.6825396825396826,-0.7777777777777778,-0.8253968253968254,-0.8888888888888888,-0.9285714285714286,-1.0
35,0.0,0.0,0.17293233082706766,-0.2706766917293233,0.2631578947368421,-0.5413533834586466,0.3233082706766917,-0.7894736842105263,0.45112781954887216,-0.9398496240601504,-0.045112781954887216,-0.7894736842105263,-0.21804511278195488,-0.8270676691729323,-0.23308270676691728,-0.7142857142857143,-0.19548872180451127,-0.6240601503759399,-0.23308270676691728,-0.7293233082706767,-0.40601503759398494,-0.7819548872180451,-0.40601503759398494,-0.6691729323308271,-0.3533834586466165,-0.5789473684210527,-0.39849624060150374,-0.6240601503759399,-0.5864661654135338,-0.7142857142857143,-0.5864661654135338,-0.6466165413533834,-0.5413533834586466,-0.5789473684210527,-0.5413533834586466,-0.5037593984962406,-0.7443609022556391,-0.6842105263157895,-0.8872180451127819,-0.7819548872180451,-1.0,-0.8721804511278195
35,0.0,0.0,0.16793893129770993,-0.2748091603053435,0.2748091603053435,-0.5419847328244275,0.3282442748091603,-0.7862595419847328,0.45038167938931295,-0.9389312977099237,-0.061068702290076333,-0.7862595419847328,-0.2366412213740458,-0.8473282442748091,-0.25190839694656486,-0.7251908396946565,-0.21374045801526717,-0.6259541984732825,-0.2366412213740458,-0.732824427480916,-0.42748091603053434,-0.8091603053435115,-0.4351145038167939,-0.7022900763358778,-0.3816793893129771,-0.6106870229007634,-0.3893129770992366,-0.6259541984732825,-0.5877862595419847,-0.7404580152671756,-0.5877862595419847,-0.6564885496183206,-0.5267175572519084,-0.5877862595419847,-0.5267175572519084,-0.4961832061068702,-0.732824427480916,-0.6870229007633588,-0.8854961832061069,-0.7862595419847328,-1.0,-0.8702290076335878
35,0.0,0.0,0.15,-0.2714285714285714,0.22142857142857142,-0.5571428571428572,0.2357142857142857,-0.8071428571428572,0.3357142857142857,-0.9714285714285714,-0.08571428571428572,-0.7285714285714285,-0.2714285714285714,-0.7714285714285715,-0.2571428571428571,-0.6571428571428571,-0.2,-0.5785714285714286,-0.2642857142857143,-0.6642857142857143,-0.4357142857142857,-0.7142857142857143,-0.4142857142857143,-0.6071428571428571,-0.35,-0.5285714285714286,-0.4142857142857143,-0.5642857142857143,-0.6,-0.6642857142857143,-0.5785714285714286,-0.5714285714285714,-0.5,-0.5,-0.5357142857142857,-0.4357142857142857,-0.7428571428571429,-0.5928571428571429,-0.8857142857142857,-0.6714285714285714,-1.0,-0.7428571428571429
35,0.0,0.0,0.11920529801324503,-0.26490066225165565,0.1456953642384106,-0.543046357615894,0.1456953642384106,-0.7748344370860927,0.23841059602649006,-0.9403973509933775,-0.1390728476821192,-0.695364238410596,-0.304635761589404,-0.847682119205298,-0.39072847682119205,-0.9205298013245033,-0.4370860927152318,-1.0,-0.2913907284768212,-0.6225165562913907,-0.44370860927152317,-0.6688741721854304,-0.3973509933774834,-0.5562913907284768,-0.32450331125827814,-0.48344370860927155,-0.41721854304635764,-0.5033112582781457,-0.5827814569536424,-0.5894039735099338,-0.543046357615894,-0.4966887417218543,-0.46357615894039733,-0.4370860927152318,-0.5231788079470199,-0.3708609271523179,-0.6887417218543046,-0.5298013245033113,-0.8013245033112583,-0.609271523178808,-0.8874172185430463,-0.6821192052980133
35,0.0,0.0,0.16666666666666666,-0.2878787878787879,0.25757575757575757,-0.5757575757575758,0.30303030303030304,-0.8333333333333334,0.42424242424242425,-1.0,-0.07575757575757576,-0.7878787878787878,-0.2803030303030303,-0.8636363636363636,-0.2878787878787879,-0.75,-0.22727272727272727,-0.6515151515151515,-0.25,-0.7196969696969697,-0.4393939393939394,-0.7803030303030303,-0.4318181818181818,-0.6818181818181818,-0.3712121212121212,-0.5909090909090909,-0.4015151515151515,-0.6136363636363636,-0.5833333333333334,-0.7045454545454546,-0.5757575757575758,-0.6287878787878788,-0.5075757575757576,-0.5606060606060606,-0.5303030303030303,-0.49242424242424243,-0.7272727272727273,-0.6590909090909091,-0.8636363636363636,-0.7424242424242424,-0.9621212121212122,-0.8181818181818182
35,0.0,0.0,0.16030534351145037,-0.29770992366412213,0.25190839694656486,-0.5801526717557252,0.29770992366412213,-0.8473282442748091,0.4122137404580153,-1.0,-0.08396946564885496,-0.7862595419847328,-0.25190839694656486,-0.8549618320610687,-0.2595419847328244,-0.7404580152671756,-0.21374045801526717,-0.6412213740458015,-0.2595419847328244,-0.7251908396946565,-0.4351145038167939,-0.7938931297709924,-0.4351145038167939,-0.6946564885496184,-0.3816793893129771,-0.6030534351145038,-0.4198473282442748,-0.6183206106870229,-0.5801526717557252,-0.7251908396946565,-0.5801526717557252,-0.648854961832061,-0.5267175572519084,-0.5648854961832062,-0.549618320610687,-0.48854961832061067,-0.732824427480916,-0.6717557251908397,-0.8702290076335878,-0.7633587786259542,-0.9694656488549618,-0.8320610687022901
35,0.0,0.0,0.21774193548387097,-0.27419354838709675,0.3629032258064516,-0.5564516129032258,0.45161290322580644,-0.8145161290322581,0.5725806451612904,-0.9919354838709677,0.0,-0.8548387096774194,-0.23387096774193547,-0.9274193548387096,-0.27419354838709675,-0.8387096774193549,-0.24193548387096775,-0.75,-0.18548387096774194,-0.7983870967741935,-0.3951612903225806,-0.8870967741935484,-0.4112903225806452,-0.7903225806451613,-0.3709677419354839,-0.6935483870967742,-0.3548387096774194,-0.7016129032258065,-0.5403225806451613,-0.8225806451612904,-0.5483870967741935,-0.7419354838709677,-0.49193548387096775,-0.6693548387096774,-0.5080645161290323,-0.5806451612903226,-0.6774193548387096,-0.7903225806451613,-0.8145161290322581,-0.9032258064516129,-0.9193548387096774,-1.0
35,0.0,0.0,0.208,-0.272,0.36,-0.552,0.448,-0.816,0.584,-0.984,0.032,-0.832,-0.176,-0.936,-0.24,-0.848,-0.232,-0.776,-0.152,-0.784,-0.36,-0.896,-0.368,-0.784,-0.32,-0.68,-0.328,-0.696,-0.52,-0.832,-0.512,-0.728,-0.456,-0.64,-0.488,-0.584,-0.672,-0.8,-0.816,-0.904,-0.92,-1.0
35,0.0,0.0,0.16374269005847952,-0.18128654970760233,0.26900584795321636,-0.39766081871345027,0.32748538011695905,-0.5906432748538012,0.42105263157894735,-0.7076023391812866,0.023391812865497075,-0.6023391812865497,-0.06432748538011696,-0.7953216374269005,-0.1286549707602339,-0.9122807017543859,-0.15789473684210525,-1.0,-0.1111111111111111,-0.5672514619883041,-0.2631578947368421,-0.672514619883041,-0.2631578947368421,-0.5730994152046783,-0.2222222222222222,-0.5087719298245614,-0.24561403508771928,-0.49707602339181284,-0.391812865497076,-0.6140350877192983,-0.38596491228070173,-0.5263157894736842,-0.3391812865497076,-0.4678362573099415,-0.36257309941520466,-0.4093567251461988,-0.49707602339181284,-0.5730994152046783,-0.5964912280701754,-0.6666666666666666,-0.672514619883041,-0.7602339181286549
35,0.0,0.0,0.15053763440860216,-0.16129032258064516,0.24731182795698925,-0.3602150537634409,0.2903225806451613,-0.543010752688172,0.3817204301075269,-0.6505376344086021,0.026881720430107527,-0.5483870967741935,-0.03763440860215054,-0.7634408602150538,-0.0913978494623656,-0.9032258064516129,-0.12365591397849462,-1.0,-0.0967741935483871,-0.521505376344086,-0.23655913978494625,-0.6021505376344086,-0.23118279569892472,-0.5053763440860215,-0.1881720430107527,-0.45161290322580644,-0.21505376344086022,-0.45698924731182794,-0.3602150537634409,-0.5483870967741935,-0.34408602150537637,-0.4731182795698925,-0.2903225806451613,-0.41397849462365593,-0.3333333333333333,-0.3817204301075269,-0.45698924731182794,-0.532258064516129,-0.5483870967741935,-0.6129032258064516,-0.6236559139784946,-0.6935483870967742
35,0.0,0.0,0.14388489208633093,-0.2805755395683453,0.19424460431654678,-0.5755395683453237,0.22302158273381295,-0.841726618705036,0.3381294964028777,-1.0,-0.07194244604316546,-0.7697841726618705,-0.28776978417266186,-0.8273381294964028,-0.28776978417266186,-0.7122302158273381,-0.2302158273381295,-0.6115107913669064,-0.23741007194244604,-0.7122302158273381,-0.4316546762589928,-0.7769784172661871,-0.4316546762589928,-0.6762589928057554,-0.381294964028777,-0.5827338129496403,-0.38848920863309355,-0.6187050359712231,-0.5683453237410072,-0.7338129496402878,-0.5755395683453237,-0.6474820143884892,-0.5179856115107914,-0.5683453237410072,-0.5179856115107914,-0.5035971223021583,-0.7194244604316546,-0.6834532374100719,-0.8633093525179856,-0.7769784172661871,-0.9712230215827338,-0.8633093525179856
35,0.0,0.0,0.1386861313868613,-0.27007299270072993,0.20437956204379562,-0.5766423357664233,0.24087591240875914,-0.8321167883211679,0.3357664233576642,-1.0,-0.072992700729927,-0.781021897810219,-0.2773722627737226,-0.8248175182481752,-0.2773722627737226,-0.708029197080292,-0.21897810218978103,-0.6131386861313869,-0.24087591240875914,-0.7226277372262774,-0.4306569343065693,-0.781021897810219,-0.4306569343065693,-0.6788321167883211,-0.3795620437956204,-0.5766423357664233,-0.39416058394160586,-0.6131386861313869,-0.583941605839416,-0.7226277372262774,-0.583941605839416,-0.6423357664233577,-0.5255474452554745,-0.5620437956204379,-0.5328467153284672,-0.48905109489051096,-0.7226277372262774,-0.6715328467153284,-0.8686131386861314,-0.7664233576642335,-0.9781021897810219,-0.8467153284671532
35,0.0,0.0,0.07142857142857142,-0.2922077922077922,0.05844155844155844,-0.564935064935065,0.03896103896103896,-0.8051948051948052,0.09090909090909091,-0.987012987012987,-0.2012987012987013,-0.7012987012987013,-0.44805194805194803,-0.7077922077922078,-0.5324675324675324,-0.6233766233766234,-0.551948051948052,-0.5714285714285714,-0.33116883116883117,-0.6168831168831169,-0.5194805194805194,-0.5714285714285714,-0.4805194805194805,-0.45454545454545453,-0.4090909090909091,-0.37012987012987014,-0.44155844155844154,-0.487012987012987,-0.6168831168831169,-0.4935064935064935,-0.577922077922078,-0.4025974025974026,-0.4935064935064935,-0.3246753246753247,-0.5324675324675324,-0.35064935064935066,-0.7402597402597403,-0.4805194805194805,-0.8896103896103896,-0.564935064935065,-1.0,-0.6493506493506493
35,0.0,0.0,0.07534246575342465,-0.2876712328767123,0.0684931506849315,-0.5753424657534246,0.04794520547945205,-0.815068493150685,0.11643835616438356,-1.0,-0.21232876712328766,-0.6986301369863014,-0.4520547945205479,-0.684931506849315,-0.4520547945205479,-0.5753424657534246,-0.3972602739726027,-0.5136986301369864,-0.3424657534246575,-0.6027397260273972,-0.4931506849315068,-0.5273972602739726,-0.4315068493150685,-0.4178082191780822,-0.3424657534246575,-0.3493150684931507,-0.4520547945205479,-0.4726027397260274,-0.5821917808219178,-0.4383561643835616,-0.5205479452054794,-0.3424657534246575,-0.4178082191780822,-0.2876712328767123,-0.547945205479452,-0.3287671232876712,-0.726027397260274,-0.4315068493150685,-0.8356164383561644,-0.5,-0.9246575342465754,-0.5753424657534246
35,0.0,0.0,0.08045977011494253,-0.19540229885057472,0.07471264367816093,-0.4540229885057471,0.04597701149425287,-0.6609195402298851,0.10919540229885058,-0.8160919540229885,-0.10344827586206896,-0.5517241379310345,-0.29310344827586204,-0.7471264367816092,-0.41379310344827586,-0.8908045977011494,-0.5057471264367817,-1.0,-0.2471264367816092,-0.47701149425287354,-0.4482758620689655,-0.5632183908045977,-0.3735632183908046,-0.4540229885057471,-0.28735632183908044,-0.39655172413793105,-0.367816091954023,-0.3793103448275862,-0.5632183908045977,-0.47126436781609193,-0.5,-0.39080459770114945,-0.40229885057471265,-0.3275862068965517,-0.46551724137931033,-0.26436781609195403,-0.6494252873563219,-0.367816091954023,-0.7758620689655172,-0.40804597701149425,-0.8735632183908046,-0.4540229885057471
35,0.0,0.0,0.09042553191489362,-0.19680851063829788,0.11170212765957446,-0.425531914893617,0.11702127659574468,-0.6063829787234043,0.18617021276595744,-0.7446808510638298,-0.0797872340425532,-0.5478723404255319,-0.2127659574468085,-0.75,-0.2978723404255319,-0.8936170212765957,-0.3617021276595745,-1.0,-0.20212765957446807,-0.5,-0.35638297872340424,-0.5585106382978723,-0.324468085106383,-0.46808510638297873,-0.2712765957446808,-0.4095744680851064,-0.31382978723404253,-0.4095744680851064,-0.46808510638297873,-0.4787234042553192,-0.43617021276595747,-0.4095744680851064,-0.3723404255319149,-0.35638297872340424,-0.40425531914893614,-0.30851063829787234,-0.5585106382978723,-0.43617021276595747,-0.6648936170212766,-0.5,-0.75,-0.5531914893617021
35,0.0,0.0,0.09090909090909091,-0.19786096256684493,0.12299465240641712,-0.43315508021390375,0.12299465240641712,-0.6203208556149733,0.20320855614973263,-0.7540106951871658,-0.08021390374331551,-0.5508021390374331,-0.2192513368983957,-0.7593582887700535,-0.31016042780748665,-0.893048128342246,-0.3689839572192513,-1.0,-0.20320855614973263,-0.5026737967914439,-0.36363636363636365,-0.5721925133689839,-0.3422459893048128,-0.47593582887700536,-0.28342245989304815,-0.41711229946524064,-0.31016042780748665,-0.41711229946524064,-0.47593582887700536,-0.49732620320855614,-0.44919786096256686,-0.42780748663101603,-0.3850267379679144,-0.37433155080213903,-0.4117647058823529,-0.32085561497326204,-0.5614973262032086,-0.44919786096256686,-0.679144385026738,-0.5133689839572193,-0.7647058823529411,-0.5721925133689839
35,0.0,0.0,0.07262569832402235,-0.24022346368715083,0.0782122905027933,-0.4748603351955307,0.07262569832402235,-0.6871508379888268,0.13966480446927373,-0.8379888268156425,-0.13966480446927373,-0.5921787709497207,-0.30726256983240224,-0.776536312849162,-0.41899441340782123,-0.9050279329608939,-0.4972067039106145,-1.0,-0.26256983240223464,-0.5195530726256983,-0.4134078212290503,-0.553072625698324,-0.39106145251396646,-0.46368715083798884,-0.329608938547486,-0.39664804469273746,-0.3687150837988827,-0.40782122905027934,-0.49162011173184356,-0.44692737430167595,-0.4581005586592179,-0.3743016759776536,-0.39664804469273746,-0.31843575418994413,-0.4581005586592179,-0.2905027932960894,-0.6033519553072626,-0.40782122905027934,-0.6815642458100558,-0.4581005586592179,-0.7318435754189944,-0.5083798882681564
35,0.0,0.0,0.06417112299465241,-0.2192513368983957,0.06951871657754011,-0.45454545454545453,0.06417112299465241,-0.6470588235294118,0.13903743315508021,-0.7914438502673797,-0.12299465240641712,-0.5561497326203209,-0.2620320855614973,-0.7647058823529411,-0.36363636363636365,-0.8983957219251337,-0.43315508021390375,-1.0,-0.24064171122994651,-0.49732620320855614,-0.39037433155080214,-0.5240641711229946,-0.36363636363636365,-0.42245989304812837,-0.3048128342245989,-0.3689839572192513,-0.34759358288770054,-0.39572192513368987,-0.47593582887700536,-0.43315508021390375,-0.44385026737967914,-0.35294117647058826,-0.37967914438502676,-0.3048128342245989,-0.43315508021390375,-0.28342245989304815,-0.5721925133689839,-0.39572192513368987,-0.6577540106951871,-0.4385026737967914,-0.7165775401069518,-0.48663101604278075
35,0.0,0.0,0.046242774566473986,-0.24855491329479767,0.011560693641618497,-0.5086705202312138,-0.028901734104046242,-0.7167630057803468,0.028901734104046242,-0.8728323699421965,-0.19653179190751446,-0.5722543352601156,-0.41040462427745666,-0.7687861271676301,-0.5433526011560693,-0.8959537572254336,-0.6416184971098265,-1.0,-0.31213872832369943,-0.48554913294797686,-0.5144508670520231,-0.5433526011560693,-0.4624277456647399,-0.45664739884393063,-0.3872832369942196,-0.4046242774566474,-0.41040462427745666,-0.3699421965317919,-0.6011560693641619,-0.4393063583815029,-0.5549132947976878,-0.3815028901734104,-0.4797687861271676,-0.3352601156069364,-0.48554913294797686,-0.24277456647398843,-0.6589595375722543,-0.3236994219653179,-0.7167630057803468,-0.32947976878612717,-0.7398843930635838,-0.3352601156069364
35,0.0,0.0,0.03389830508474576,-0.23163841807909605,0.0,-0.4915254237288136,-0.04519774011299435,-0.6949152542372882,0.01694915254237288,-0.8531073446327684,-0.20903954802259886,-0.559322033898305,-0.4180790960451977,-0.7570621468926554,-0.5536723163841808,-0.8926553672316384,-0.655367231638418,-1.0,-0.3220338983050847,-0.4745762711864407,-0.5141242937853108,-0.519774011299435,-0.4406779661016949,-0.4180790960451977,-0.3559322033898305,-0.3785310734463277,-0.4180790960451977,-0.3615819209039548,-0.615819209039548,-0.4180790960451977,-0.5536723163841808,-0.3502824858757062,-0.4576271186440678,-0.3107344632768362,-0.4971751412429379,-0.23728813559322035,-0.7005649717514124,-0.3220338983050847,-0.8305084745762712,-0.3446327683615819,-0.9322033898305084,-0.3728813559322034
35,0.0,0.0,0.04945054945054945,-0.23076923076923078,0.03296703296703297,-0.47802197802197804,0.005494505494505495,-0.6758241758241759,0.054945054945054944,-0.8296703296703297,-0.17032967032967034,-0.5714285714285714,-0.34065934065934067,-0.7692307692307693,-0.45054945054945056,-0.9010989010989011,-0.532967032967033,-1.0,-0.29120879120879123,-0.4945054945054945,-0.4340659340659341,-0.5439560439560439,-0.3956043956043956,-0.46153846153846156,-0.31868131868131866,-0.4010989010989011,-0.3901098901098901,-0.3901098901098901,-0.5164835164835165,-0.45604395604395603,-0.46703296703296704,-0.3901098901098901,-0.3901098901098901,-0.34065934065934067,-0.4725274725274725,-0.27472527472527475,-0.6043956043956044,-0.38461538461538464,-0.6318681318681318,-0.4065934065934066,-0.6263736263736264,-0.4175824175824176
35,0.0,0.0,0.04945054945054945,-0.22527472527472528,0.03296703296703297,-0.4725274725274725,0.005494505494505495,-0.6703296703296703,0.06043956043956044,-0.8241758241758241,-0.15384615384615385,-0.5604395604395604,-0.31868131868131866,-0.7692307692307693,-0.42857142857142855,-0.9010989010989011,-0.510989010989011,-1.0,-0.2802197802197802,-0.4945054945054945,-0.4175824175824176,-0.521978021978022,-0.3901098901098901,-0.4340659340659341,-0.3241758241758242,-0.37362637362637363,-0.38461538461538464,-0.38461538461538464,-0.521978021978022,-0.44505494505494503,-0.5054945054945055,-0.38461538461538464,-0.43956043956043955,-0.34065934065934067,-0.4725274725274725,-0.2692307692307692,-0.6153846153846154,-0.3901098901098901,-0.6868131868131868,-0.43956043956043955,-0.7197802197802198,-0.4835164835164835
35,0.0,0.0,0.07894736842105263,-0.22631578947368422,0.09473684210526316,-0.4421052631578947,0.09473684210526316,-0.6368421052631579,0.16842105263157894,-0.7736842105263158,-0.10526315789473684,-0.5578947368421052,-0.25263157894736843,-0.7684210526315789,-0.3526315789473684,-0.9052631578947369,-0.4368421052631579,-1.0,-0.21578947368421053,-0.5,-0.3684210526315789,-0.5578947368421052,-0.3368421052631579,-0.46842105263157896,-0.2789473684210526,-0.4105263157894737,-0.3157894736842105,-0.4,-0.45789473684210524,-0.4631578947368421,-0.4263157894736842,-0.4,-0.3631578947368421,-0.3526315789473684,-0.4,-0.28421052631578947,-0.5578947368421052,-0.43157894736842106,-0.6631578947368421,-0.49473684210526314,-0.7421052631578947,-0.5473684210526316
35,0.0,0.0,0.06878306878306878,-0.2222222222222222,0.07407407407407407,-0.4497354497354497,0.06349206349206349,-0.6402116402116402,0.14814814814814814,-0.7724867724867724,-0.10582010582010581,-0.5502645502645502,-0.24338624338624337,-0.7671957671957672,-0.3386243386243386,-0.8994708994708994,-0.4126984126984127,-1.0,-0.21693121693121692,-0.4973544973544973,-0.3862433862433862,-0.5396825396825397,-0.36507936507936506,-0.43915343915343913,-0.31216931216931215,-0.3862433862433862,-0.32275132275132273,-0.3968253968253968,-0.47619047619047616,-0.4497354497354497,-0.4603174603174603,-0.37566137566137564,-0.3968253968253968,-0.328042328042328,-0.41798941798941797,-0.2751322751322751,-0.5767195767195767,-0.4126984126984127,-0.6772486772486772,-0.4708994708994709,-0.7513227513227513,-0.5291005291005291
35,0.0,0.0,0.05113636363636364,-0.26136363636363635,0.005681818181818182,-0.5056818181818182,-0.045454545454545456,-0.7045454545454546,-0.011363636363636364,-0.8579545454545454,-0.18181818181818182,-0.5852272727272727,-0.36363636363636365,-0.7784090909090909,-0.48863636363636365,-0.9090909090909091,-0.5795454545454546,-1.0,-0.30113636363636365,-0.5056818181818182,-0.44886363636363635,-0.5397727272727273,-0.4034090909090909,-0.45454545454545453,-0.3352272727272727,-0.39204545454545453,-0.39204545454545453,-0.3806818181818182,-0.5227272727272727,-0.42613636363636365,-0.48863636363636365,-0.36363636363636365,-0.42045454545454547,-0.3125,-0.4715909090909091,-0.24431818181818182,-0.6193181818181818,-0.3522727272727273,-0.6818181818181818,-0.38636363636363635,-0.7215909090909091,-0.4034090909090909
35,0.0,0.0,0.04,-0.26285714285714284,-0.011428571428571429,-0.5028571428571429,-0.05714285714285714,-0.7028571428571428,-0.022857142857142857,-0.8571428571428571,-0.2057142857142857,-0.5942857142857143,-0.4,-0.7828571428571428,-0.5314285714285715,-0.9085714285714286,-0.6285714285714286,-1.0,-0.32571428571428573,-0.5085714285714286,-0.48,-0.5257142857142857,-0.44,-0.44,-0.3657142857142857,-0.38285714285714284,-0.41714285714285715,-0.38285714285714284,-0.5657142857142857,-0.4228571428571429,-0.5257142857142857,-0.35428571428571426,-0.44571428571428573,-0.3142857142857143,-0.49142857142857144,-0.24571428571428572,-0.64,-0.35428571428571426,-0.6971428571428572,-0.38285714285714284,-0.7257142857142858,-0.4057142857142857
35,0.0,0.0,0.03508771929824561,-0.23976608187134502,-0.011695906432748537,-0.5029239766081871,-0.07602339181286549,-0.7076023391812866,-0.04093567251461988,-0.8713450292397661,-0.21637426900584794,-0.5906432748538012,-0.4269005847953216,-0.783625730994152,-0.5614035087719298,-0.9064327485380117,-0.6608187134502924,-1.0,-0.3333333333333333,-0.5029239766081871,-0.5263157894736842,-0.52046783625731,-0.47368421052631576,-0.4269005847953216,-0.391812865497076,-0.391812865497076,-0.42105263157894735,-0.3742690058479532,-0.6198830409356725,-0.40350877192982454,-0.5730994152046783,-0.3391812865497076,-0.47953216374269003,-0.30409356725146197,-0.49707602339181284,-0.22807017543859648,-0.6842105263157895,-0.3333333333333333,-0.8187134502923976,-0.3684210526315789,-0.9181286549707602,-0.4093567251461988
35,0.0,0.0,0.029411764705882353,-0.23529411764705882,-0.01764705882352941,-0.5,-0.08235294117647059,-0.7,-0.041176470588235294,-0.8647058823529412,-0.22941176470588234,-0.5823529411764706,-0.4411764705882353,-0.7764705882352941,-0.5705882352941176,-0.9,-0.6705882352941176,-1.0,-0.3411764705882353,-0.5,-0.5411764705882353,-0.5117647058823529,-0.4764705882352941,-0.40588235294117647,-0.3941176470588235,-0.3764705882352941,-0.4235294117647059,-0.37058823529411766,-0.6294117647058823,-0.3941176470588235,-0.5705882352941176,-0.31176470588235294,-0.4823529411764706,-0.2823529411764706,-0.5,-0.2235294117647059,-0.6882352941176471,-0.32941176470588235,-0.8235294117647058,-0.37058823529411766,-0.9294117647058824,-0.4176470588235294
35,0.0,0.0,0.05434782608695652,-0.24456521739130435,0.02717391304347826,-0.47282608695652173,0.010869565217391304,-0.6684782608695652,0.06521739130434782,-0.8097826086956522,-0.1358695652173913,-0.5815217391304348,-0.29347826086956524,-0.7771739130434783,-0.3804347826086957,-0.9021739130434783,-0.45108695652173914,-1.0,-0.2554347826086957,-0.5217391304347826,-0.40217391304347827,-0.5489130434782609,-0.375,-0.45652173913043476,-0.30978260869565216,-0.40217391304347827,-0.358695652173913,-0.41847826086956524,-0.4782608695652174,-0.45652173913043476,-0.44565217391304346,-0.3804347826086957,-0.3858695652173913,-0.33152173913043476,-0.44565217391304346,-0.30978260869565216,-0.5597826086956522,-0.391304347826087,-0.5652173913043478,-0.375,-0.5543478260869565,-0.3532608695652174
35,0.0,0.0,0.055248618784530384,-0.24861878453038674,0.03314917127071823,-0.48066298342541436,0.0055248618784530384,-0.6795580110497238,0.055248618784530384,-0.8232044198895028,-0.13259668508287292,-0.585635359116022,-0.281767955801105,-0.7790055248618785,-0.3756906077348066,-0.9060773480662984,-0.44751381215469616,-1.0,-0.2596685082872928,-0.5193370165745856,-0.39226519337016574,-0.5469613259668509,-0.36464088397790057,-0.4530386740331492,-0.2983425414364641,-0.39779005524861877,-0.3701657458563536,-0.4143646408839779,-0.48066298342541436,-0.4530386740331492,-0.4419889502762431,-0.3701657458563536,-0.3812154696132597,-0.32044198895027626,-0.4585635359116022,-0.292817679558011,-0.580110497237569,-0.39779005524861877,-0.6187845303867403,-0.4143646408839779,-0.6353591160220995,-0.430939226519337
35,0.0,0.0,0.0797872340425532,-0.2074468085106383,0.10638297872340426,-0.4308510638297872,0.09574468085106383,-0.6170212765957447,0.1595744680851064,-0.7553191489361702,-0.09042553191489362,-0.5372340425531915,-0.22872340425531915,-0.7553191489361702,-0.324468085106383,-0.8936170212765957,-0.39361702127659576,-1.0,-0.19680851063829788,-0.48936170212765956,-0.35106382978723405,-0.5372340425531915,-0.30851063829787234,-0.44148936170212766,-0.24468085106382978,-0.39361702127659576,-0.2925531914893617,-0.39361702127659576,-0.44680851063829785,-0.4521276595744681,-0.40425531914893614,-0.3776595744680851,-0.32978723404255317,-0.32978723404255317,-0.39361702127659576,-0.2872340425531915,-0.5425531914893617,-0.4148936170212766,-0.6542553191489362,-0.4734042553191489,-0.7393617021276596,-0.5319148936170213
35,0.0,0.0,0.041666666666666664,-0.2619047619047619,-0.041666666666666664,-0.5238095238095238,-0.10714285714285714,-0.7380952380952381,-0.07738095238095238,-0.8928571428571429,-0.21428571428571427,-0.5952380952380952,-0.4166666666666667,-0.7797619047619048,-0.5357142857142857,-0.9047619047619048,-0.6309523809523809,-1.0,-0.3273809523809524,-0.5,-0.5238095238095238,-0.49404761904761907,-0.4880952380952381,-0.4166666666666667,-0.40476190476190477,-0.36904761904761907,-0.4166666666666667,-0.375,-0.5892857142857143,-0.3869047619047619,-0.5595238095238095,-0.3273809523809524,-0.4880952380952381,-0.27380952380952384,-0.49404761904761907,-0.24404761904761904,-0.6369047619047619,-0.30952380952380953,-0.7083333333333334,-0.32142857142857145,-0.7559523809523809,-0.3273809523809524
35,0.0,0.0,0.041176470588235294,-0.24705882352941178,-0.023529411764705882,-0.5,-0.08823529411764706,-0.7058823529411765,-0.058823529411764705,-0.8647058823529412,-0.20588235294117646,-0.5882352941176471,-0.4176470588235294,-0.7764705882352941,-0.5529411764705883,-0.9,-0.6470588235294118,-1.0,-0.3176470588235294,-0.5,-0.5,-0.5235294117647059,-0.45294117647058824,-0.4411764705882353,-0.36470588235294116,-0.3941176470588235,-0.4176470588235294,-0.38235294117647056,-0.5647058823529412,-0.4117647058823529,-0.5235294117647059,-0.34705882352941175,-0.4411764705882353,-0.3058823529411765,-0.49411764705882355,-0.2529411764705882,-0.6235294117647059,-0.32941176470588235,-0.6235294117647059,-0.3058823529411765,-0.5941176470588235,-0.28823529411764703
35,0.0,0.0,0.041916167664670656,-0.2634730538922156,-0.023952095808383235,-0.5209580838323353,-0.08982035928143713,-0.7305389221556886,-0.05389221556886228,-0.8922155688622755,-0.2215568862275449,-0.5988023952095808,-0.4311377245508982,-0.7844311377245509,-0.562874251497006,-0.9041916167664671,-0.6586826347305389,-1.0,-0.32934131736526945,-0.5149700598802395,-0.5029940119760479,-0.5269461077844312,-0.4550898203592814,-0.437125748502994,-0.3712574850299401,-0.38922155688622756,-0.4251497005988024,-0.38922155688622756,-0.5688622754491018,-0.41317365269461076,-0.5209580838323353,-0.3413173652694611,-0.437125748502994,-0.2994011976047904,-0.5029940119760479,-0.25748502994011974,-0.6526946107784432,-0.3473053892215569,-0.7065868263473054,-0.3592814371257485,-0.7365269461077845,-0.3712574850299401
35,0.0,0.0,0.059782608695652176,-0.22826086956521738,0.04891304347826087,-0.45108695652173914,0.021739130434782608,-0.6467391304347826,0.08152173913043478,-0.7934782608695652,-0.14673913043478262,-0.5543478260869565,-0.31521739130434784,-0.7608695652173914,-0.42391304347826086,-0.8967391304347826,-0.5054347826086957,-1.0,-0.2554347826086957,-0.4945652173913043,-0.42934782608695654,-0.5163043478260869,-0.40217391304347827,-0.41847826086956524,-0.3423913043478261,-0.3695652173913043,-0.3532608695652174,-0.3858695652173913,-0.5108695652173914,-0.41847826086956524,-0.4782608695652174,-0.3423913043478261,-0.41847826086956524,-0.29347826086956524,-0.43478260869565216,-0.2608695652173913,-0.592391304347826,-0.391304347826087,-0.6902173913043478,-0.44021739130434784,-0.7663043478260869,-0.4782608695652174
35,0.0,0.0,0.08888888888888889,-0.25925925925925924,0.06666666666666667,-0.5555555555555556,0.022222222222222223,-0.8148148148148148,0.1111111111111111,-1.0,-0.2,-0.6814814814814815,-0.4148148148148148,-0.674074074074074,-0.3925925925925926,-0.5555555555555556,-0.31851851851851853,-0.4962962962962963,-0.34814814814814815,-0.5777777777777777,-0.5481481481481482,-0.5481481481481482,-0.5185185185185185,-0.4444444444444444,-0.43703703703703706,-0.4,-0.4740740740740741,-0.43703703703703706,-0.6592592592592592,-0.45185185185185184,-0.6370370370370371,-0.362962962962963,-0.5555555555555556,-0.31851851851851853,-0.5777777777777777,-0.2814814814814815,-0.7481481481481481,-0.4148148148148148,-0.8666666666666667,-0.4666666666666667,-0.9333333333333333,-0.5111111111111111
35,0.0,0.0,0.054945054945054944,-0.23626373626373626,0.03296703296703297,-0.46703296703296704,0.016483516483516484,-0.6648351648351648,0.08791208791208792,-0.8021978021978022,-0.14285714285714285,-0.5604395604395604,-0.2967032967032967,-0.7637362637362637,-0.3956043956043956,-0.8956043956043956,-0.46703296703296704,-1.0,-0.25824175824175827,-0.4945054945054945,-0.41208791208791207,-0.521978021978022,-0.3791208791208791,-0.42857142857142855,-0.3131868131868132,-0.3791208791208791,-0.35714285714285715,-0.38461538461538464,-0.5,-0.41208791208791207,-0.45604395604395603,-0.33516483516483514,-0.3901098901098901,-0.29120879120879123,-0.4340659340659341,-0.25274725274725274,-0.5934065934065934,-0.3901098901098901,-0.6923076923076923,-0.44505494505494503,-0.7637362637362637,-0.5
35,0.0,0.0,0.0748663101604278,-0.21390374331550802,0.08021390374331551,-0.44919786096256686,0.06951871657754011,-0.6417112299465241,0.13368983957219252,-0.7754010695187166,-0.12299465240641712,-0.5721925133689839,-0.26737967914438504,-0.7700534759358288,-0.3582887700534759,-0.9037433155080213,-0.42780748663101603,-1.0,-0.22994652406417113,-0.5133689839572193,-0.39572192513368987,-0.5614973262032086,-0.35294117647058826,-0.45989304812834225,-0.28342245989304815,-0.40106951871657753,-0.3315508021390374,-0.4117647058823529,-0.4919786096256685,-0.46524064171123,-0.44385026737967914,-0.3850267379679144,-0.37433155080213903,-0.3315508021390374,-0.41711229946524064,-0.2994652406417112,-0.5828877005347594,-0.4117647058823529,-0.7005347593582888,-0.45989304812834225,-0.7914438502673797,-0.5133689839572193
35,0.0,0.0,0.061452513966480445,-0.24022346368715083,0.0335195530726257,-0.4748603351955307,0.01675977653631285,-0.6871508379888268,0.0893854748603352,-0.8324022346368715,-0.12849162011173185,-0.5810055865921788,-0.27932960893854747,-0.776536312849162,-0.3687150837988827,-0.8994413407821229,-0.4301675977653631,-1.0,-0.25139664804469275,-0.5083798882681564,-0.39664804469273746,-0.5586592178770949,-0.3575418994413408,-0.4748603351955307,-0.2849162011173184,-0.4134078212290503,-0.3575418994413408,-0.40782122905027934,-0.46368715083798884,-0.45251396648044695,-0.4301675977653631,-0.37988826815642457,-0.36312849162011174,-0.3240223463687151,-0.4581005586592179,-0.29608938547486036,-0.5418994413407822,-0.36312849162011174,-0.5139664804469274,-0.31843575418994413,-0.4692737430167598,-0.2681564245810056
35,0.0,0.0,0.024242424242424242,-0.2545454545454545,-0.05454545454545454,-0.5151515151515151,-0.10909090909090909,-0.7393939393939394,-0.07878787878787878,-0.9030303030303031,-0.24848484848484848,-0.5757575757575758,-0.45454545454545453,-0.7696969696969697,-0.5878787878787879,-0.896969696969697,-0.6727272727272727,-1.0,-0.3515151515151515,-0.48484848484848486,-0.5454545454545454,-0.4727272727272727,-0.5151515151515151,-0.4,-0.44242424242424244,-0.3515151515151515,-0.43636363636363634,-0.36363636363636365,-0.6060606060606061,-0.3696969696969697,-0.5878787878787879,-0.3090909090909091,-0.5212121212121212,-0.2727272727272727,-0.503030303030303,-0.24242424242424243,-0.6424242424242425,-0.2909090909090909,-0.6848484848484848,-0.2787878787878788,-0.6909090909090909,-0.26666666666666666
35,0.0,0.0,0.012345679012345678,-0.25925925925925924,-0.06790123456790123,-0.5246913580246914,-0.12345679012345678,-0.7407407407407407,-0.08024691358024691,-0.9074074074074074,-0.25925925925925924,-0.5925925925925926,-0.46296296296296297,-0.7716049382716049,-0.5925925925925926,-0.9012345679012346,-0.6790123456790124,-1.0,-0.36419753086419754,-0.5061728395061729,-0.5679012345679012,-0.49382716049382713,-0.5185185185185185,-0.4074074074074074,-0.42592592592592593,-0.37037037037037035,-0.4506172839506173,-0.3765432098765432,-0.6296296296296297,-0.3765432098765432,-0.5740740740740741,-0.30864197530864196,-0.48148148148148145,-0.2716049382716049,-0.5246913580246914,-0.25308641975308643,-0.6666666666666666,-0.2839506172839506,-0.6358024691358025,-0.24074074074074073,-0.5802469135802469,-0.21604938271604937
35,0.0,0.0,0.07303370786516854,-0.24157303370786518,0.06741573033707865,-0.4943820224719101,0.0449438202247191,-0.7134831460674157,0.10674157303370786,-0.8707865168539326,-0.1348314606741573,-0.6235955056179775,-0.2752808988764045,-0.8033707865168539,-0.3595505617977528,-0.9157303370786517,-0.42134831460674155,-1.0,-0.2640449438202247,-0.550561797752809,-0.37640449438202245,-0.6123595505617978,-0.34831460674157305,-0.5224719101123596,-0.29213483146067415,-0.46629213483146065,-0.37640449438202245,-0.449438202247191,-0.47752808988764045,-0.5168539325842697,-0.43820224719101125,-0.43820224719101125,-0.37640449438202245,-0.38764044943820225,-0.46629213483146065,-0.33146067415730335,-0.5898876404494382,-0.47191011235955055,-0.6629213483146067,-0.5168539325842697,-0.7247191011235955,-0.5561797752808989
35,0.0,0.0,0.08762886597938144,-0.20103092783505155,0.1134020618556701,-0.4329896907216495,0.10824742268041238,-0.6134020618556701,0.16494845360824742,-0.7474226804123711,-0.05670103092783505,-0.5360824742268041,-0.18041237113402062,-0.7577319587628866,-0.26288659793814434,-0.8917525773195877,-0.32989690721649484,-1.0,-0.18041237113402062,-0.4845360824742268,-0.31958762886597936,-0.5618556701030928,-0.29381443298969073,-0.4690721649484536,-0.2422680412371134,-0.4072164948453608,-0.28865979381443296,-0.39690721649484534,-0.4329896907216495,-0.4845360824742268,-0.4020618556701031,-0.4175257731958763,-0.34536082474226804,-0.36082474226804123,-0.3917525773195876,-0.29896907216494845,-0.5257731958762887,-0.42783505154639173,-0.6237113402061856,-0.4896907216494845,-0.7010309278350515,-0.5463917525773195
35,0.0,0.0,0.0718954248366013,-0.30718954248366015,0.05228758169934641,-0.5882352941176471,0.026143790849673203,-0.8300653594771242,0.08496732026143791,-1.0,-0.1568627450980392,-0.6862745098039216,-0.32679738562091504,-0.8104575163398693,-0.35947712418300654,-0.7973856209150327,-0.35947712418300654,-0.7843137254901961,-0.3137254901960784,-0.6013071895424836,-0.477124183006536,-0.673202614379085,-0.45098039215686275,-0.5882352941176471,-0.38562091503267976,-0.5228758169934641,-0.45098039215686275,-0.48366013071895425,-0.5947712418300654,-0.5686274509803921,-0.5686274509803921,-0.5032679738562091,-0.5032679738562091,-0.43790849673202614,-0.5620915032679739,-0.35947712418300654,-0.7254901960784313,-0.5098039215686274,-0.8169934640522876,-0.5882352941176471,-0.8758169934640523,-0.6535947712418301
35,0.0,0.0,0.06711409395973154,-0.28187919463087246,0.040268456375838924,-0.5637583892617449,0.006711409395973154,-0.8187919463087249,0.0738255033557047,-1.0,-0.1610738255033557,-0.6711409395973155,-0.3691275167785235,-0.7114093959731543,-0.35570469798657717,-0.610738255033557,-0.2953020134228188,-0.5436241610738255,-0.31543624161073824,-0.5771812080536913,-0.4899328859060403,-0.610738255033557,-0.47651006711409394,-0.5234899328859061,-0.4161073825503356,-0.44966442953020136,-0.4563758389261745,-0.46308724832214765,-0.6174496644295302,-0.5302013422818792,-0.5973154362416108,-0.4563758389261745,-0.5234899328859061,-0.38926174496644295,-0.5771812080536913,-0.33557046979865773,-0.738255033557047,-0.46308724832214765,-0.8322147651006712,-0.5369127516778524,-0.8993288590604027,-0.6040268456375839
35,0.0,0.0,0.08108108108108109,-0.2702702702702703,0.013513513513513514,-0.5675675675675675,-0.08108108108108109,-0.8040540540540541,-0.05405405405405406,-0.9932432432432432,-0.22297297297297297,-0.6148648648648649,-0.42567567567567566,-0.7905405405405406,-0.5540540540540541,-0.9054054054054054,-0.6554054054054054,-1.0,-0.3581081081081081,-0.5067567567567568,-0.5337837837837838,-0.5405405405405406,-0.5067567567567568,-0.4594594594594595,-0.44594594594594594,-0.3918918918918919,-0.4527027027027027,-0.36486486486486486,-0.5945945945945946,-0.39864864864864863,-0.5608108108108109,-0.3310810810810811,-0.49324324324324326,-0.28378378378378377,-0.5202702702702703,-0.22972972972972974,-0.6824324324324325,-0.31756756756756754,-0.777027027027027,-0.34459459459459457,-0.8581081081081081,-0.3716216216216216
36,0.0,0.0,-0.14754098360655737,0.27049180327868855,-0.36885245901639346,0.5409836065573771,-0.5491803278688525,0.7786885245901639,-0.6475409836065574,1.0,-0.7295081967213115,0.30327868852459017,-0.8770491803278688,0.23770491803278687,-0.6229508196721312,0.22950819672131148,-0.47540983606557374,0.2459016393442623,-0.7377049180327869,0.09016393442622951,-0.8770491803278688,0.03278688524590164,-0.5983606557377049,0.06557377049180328,-0.48360655737704916,0.10655737704918032,-0.7049180327868853,-0.11475409836065574,-0.8688524590163934,-0.1721311475409836,-0.6311475409836066,-0.13114754098360656,-0.5081967213114754,-0.08196721311475409,-0.6475409836065574,-0.28688524590163933,-0.8278688524590164,-0.3442622950819672,-0.6721311475409836,-0.29508196721311475,-0.5655737704918032,-0.2459016393442623
36,0.0,0.0,-0.13709677419354838,0.27419354838709675,-0.3629032258064516,0.5403225806451613,-0.5403225806451613,0.782258064516129,-0.6370967741935484,1.0,-0.7258064516129032,0.3064516129032258,-0.8790322580645161,0.24193548387096775,-0.6209677419354839,0.24193548387096775,-0.47580645161290325,0.25806451612903225,-0.7338709677419355,0.0967741935483871,-0.8629032258064516,0.03225806451612903,-0.5725806451612904,0.07258064516129033,-0.47580645161290325,0.11290322580645161,-0.7016129032258065,-0.11290322580645161,-0.8387096774193549,-0.1774193548387097,-0.5887096774193549,-0.11290322580645161,-0.4838709677419355,-0.06451612903225806,-0.6451612903225806,-0.2903225806451613,-0.8064516129032258,-0.3467741935483871,-0.6290322580645161,-0.2903225806451613,-0.532258064516129,-0.23387096774193547
36,0.0,0.0,-0.136,0.28,-0.36,0.544,-0.536,0.776,-0.632,1.0,-0.72,0.304,-0.872,0.24,-0.616,0.24,-0.472,0.256,-0.728,0.096,-0.856,0.032,-0.576,0.072,-0.464,0.112,-0.696,-0.104,-0.832,-0.168,-0.592,-0.104,-0.472,-0.064,-0.64,-0.28,-0.808,-0.336,-0.624,-0.272,-0.52,-0.224
36,0.0,0.0,-0.12903225806451613,0.28225806451612906,-0.3467741935483871,0.5483870967741935,-0.532258064516129,0.782258064516129,-0.6209677419354839,1.0,-0.717741935483871,0.29838709677419356,-0.8548387096774194,0.22580645161290322,-0.5967741935483871,0.23387096774193547,-0.45161290322580644,0.25,-0.7258064516129032,0.08064516129032258,-0.8387096774193549,0.016129032258064516,-0.5483870967741935,0.06451612903225806,-0.43548387096774194,0.10483870967741936,-0.6935483870967742,-0.12096774193548387,-0.8225806451612904,-0.18548387096774194,-0.5806451612903226,-0.12096774193548387,-0.4596774193548387,-0.08064516129032258,-0.6290322580645161,-0.29838709677419356,-0.7903225806451613,-0.3548387096774194,-0.6129032258064516,-0.2903225806451613,-0.5080645161290323,-0.24193548387096775
36,0.0,0.0,-0.12903225806451613,0.27419354838709675,-0.3629032258064516,0.5403225806451613,-0.5483870967741935,0.782258064516129,-0.6370967741935484,1.0,-0.7338709677419355,0.29838709677419356,-0.8790322580645161,0.23387096774193547,-0.6129032258064516,0.24193548387096775,-0.46774193548387094,0.25806451612903225,-0.7419354838709677,0.08870967741935484,-0.8629032258064516,0.03225806451612903,-0.5645161290322581,0.07258064516129033,-0.4596774193548387,0.11290322580645161,-0.7096774193548387,-0.11290322580645161,-0.8467741935483871,-0.1774193548387097,-0.5887096774193549,-0.11290322580645161,-0.47580645161290325,-0.07258064516129033,-0.6532258064516129,-0.2903225806451613,-0.8145161290322581,-0.3467741935483871,-0.6290322580645161,-0.28225806451612906,-0.5241935483870968,-0.23387096774193547
36,0.0,0.0,-0.11904761904761904,0.2698412698412698,-0.35714285714285715,0.5396825396825397,-0.5396825396825397,0.7777777777777778,-0.626984126984127,1.0,-0.6904761904761905,0.30952380952380953,-0.8571428571428571,0.24603174603174602,-0.6031746031746031,0.23809523809523808,-0.4523809523809524,0.24603174603174602,-0.6904761904761905,0.09523809523809523,-0.8571428571428571,0.03968253968253968,-0.5634920634920635,0.07936507936507936,-0.4523809523809524,0.11904761904761904,-0.6746031746031746,-0.10317460317460317,-0.8333333333333334,-0.16666666666666666,-0.5793650793650794,-0.10317460317460317,-0.4603174603174603,-0.06349206349206349,-0.626984126984127,-0.2777777777777778,-0.7936507936507936,-0.3333333333333333,-0.6111111111111112,-0.2777777777777778,-0.5079365079365079,-0.23015873015873015
36,0.0,0.0,-0.128,0.272,-0.344,0.544,-0.528,0.776,-0.616,1.0,-0.704,0.312,-0.848,0.232,-0.584,0.24,-0.448,0.256,-0.704,0.096,-0.832,0.032,-0.544,0.072,-0.448,0.12,-0.68,-0.104,-0.816,-0.168,-0.56,-0.112,-0.464,-0.056,-0.632,-0.28,-0.792,-0.344,-0.608,-0.288,-0.512,-0.24
36,0.0,0.0,-0.1076923076923077,0.26153846153846155,-0.3230769230769231,0.5307692307692308,-0.4846153846153846,0.7769230769230769,-0.5615384615384615,1.0,-0.6692307692307692,0.33076923076923076,-0.8307692307692308,0.2692307692307692,-0.5846153846153846,0.26153846153846155,-0.4461538461538462,0.27692307692307694,-0.676923076923077,0.12307692307692308,-0.823076923076923,0.06923076923076923,-0.5461538461538461,0.09230769230769231,-0.4461538461538462,0.13076923076923078,-0.6538461538461539,-0.07692307692307693,-0.8076923076923077,-0.13076923076923078,-0.5692307692307692,-0.08461538461538462,-0.46923076923076923,-0.046153846153846156,-0.6153846153846154,-0.25384615384615383,-0.7846153846153846,-0.3,-0.6153846153846154,-0.25384615384615383,-0.5153846153846153,-0.2153846153846154
36,0.0,0.0,-0.10852713178294573,0.26356589147286824,-0.3178294573643411,0.5348837209302325,-0.4728682170542636,0.7674418604651163,-0.5503875968992248,1.0,-0.6744186046511628,0.3333333333333333,-0.8217054263565892,0.2713178294573643,-0.5581395348837209,0.26356589147286824,-0.43410852713178294,0.27906976744186046,-0.689922480620155,0.12403100775193798,-0.8062015503875969,0.07751937984496124,-0.5193798449612403,0.10077519379844961,-0.4418604651162791,0.13178294573643412,-0.6666666666666666,-0.07751937984496124,-0.8062015503875969,-0.12403100775193798,-0.5581395348837209,-0.08527131782945736,-0.46511627906976744,-0.046511627906976744,-0.627906976744186,-0.2558139534883721,-0.7829457364341085,-0.3023255813953488,-0.6046511627906976,-0.2558139534883721,-0.5038759689922481,-0.20930232558139536
36,0.0,0.0,-0.09090909090909091,0.25757575757575757,-0.2727272727272727,0.5303030303030303,-0.42424242424242425,0.7803030303030303,-0.5,1.0,-0.6590909090909091,0.3560606060606061,-0.7878787878787878,0.3106060606060606,-0.5454545454545454,0.2803030303030303,-0.4015151515151515,0.2803030303030303,-0.6893939393939394,0.15151515151515152,-0.7803030303030303,0.10606060606060606,-0.5151515151515151,0.11363636363636363,-0.4090909090909091,0.14393939393939395,-0.6742424242424242,-0.045454545454545456,-0.7954545454545454,-0.09090909090909091,-0.5606060606060606,-0.06060606060606061,-0.44696969696969696,-0.022727272727272728,-0.6363636363636364,-0.2196969696969697,-0.7803030303030303,-0.26515151515151514,-0.6060606060606061,-0.22727272727272727,-0.5075757575757576,-0.18181818181818182
36,0.0,0.0,-0.07407407407407407,0.25925925925925924,-0.2518518518518518,0.5407407407407407,-0.4,0.7777777777777778,-0.4666666666666667,1.0,-0.6444444444444445,0.362962962962963,-0.7333333333333333,0.3111111111111111,-0.4888888888888889,0.28888888888888886,-0.37037037037037035,0.28888888888888886,-0.674074074074074,0.16296296296296298,-0.7481481481481481,0.11851851851851852,-0.4740740740740741,0.13333333333333333,-0.37777777777777777,0.16296296296296298,-0.6666666666666666,-0.02962962962962963,-0.7481481481481481,-0.07407407407407407,-0.5111111111111111,-0.044444444444444446,-0.4222222222222222,-0.007407407407407408,-0.6296296296296297,-0.2,-0.7407407407407407,-0.23703703703703705,-0.5555555555555556,-0.2,-0.4740740740740741,-0.16296296296296298
36,0.0,0.0,-0.12173913043478261,0.28695652173913044,-0.3565217391304348,0.5652173913043478,-0.5739130434782609,0.7913043478260869,-0.7043478260869566,1.0,-0.7565217391304347,0.3652173913043478,-0.9391304347826087,0.3217391304347826,-0.6521739130434783,0.30434782608695654,-0.5043478260869565,0.30434782608695654,-0.7739130434782608,0.1391304347826087,-0.9304347826086956,0.09565217391304348,-0.6260869565217392,0.11304347826086956,-0.5130434782608696,0.14782608695652175,-0.7652173913043478,-0.06956521739130435,-0.9217391304347826,-0.12173913043478261,-0.6608695652173913,-0.0782608695652174,-0.5391304347826087,-0.043478260869565216,-0.7304347826086957,-0.26956521739130435,-0.9130434782608695,-0.3130434782608696,-0.7217391304347827,-0.26956521739130435,-0.6086956521739131,-0.22608695652173913
36,0.0,0.0,-0.168141592920354,0.26548672566371684,-0.4336283185840708,0.5132743362831859,-0.672566371681416,0.7079646017699115,-0.8053097345132744,0.9026548672566371,-0.7699115044247787,0.26548672566371684,-1.0,0.18584070796460178,-0.7433628318584071,0.21238938053097345,-0.5929203539823009,0.25663716814159293,-0.7610619469026548,0.04424778761061947,-0.9557522123893806,-0.02654867256637168,-0.6902654867256637,0.02654867256637168,-0.584070796460177,0.07079646017699115,-0.7256637168141593,-0.168141592920354,-0.9292035398230089,-0.24778761061946902,-0.7079646017699115,-0.17699115044247787,-0.584070796460177,-0.12389380530973451,-0.6637168141592921,-0.35398230088495575,-0.831858407079646,-0.4247787610619469,-0.672566371681416,-0.36283185840707965,-0.5752212389380531,-0.30973451327433627
36,0.0,0.0,-0.16666666666666666,0.2807017543859649,-0.43859649122807015,0.5263157894736842,-0.6666666666666666,0.7192982456140351,-0.7982456140350878,0.9122807017543859,-0.7192982456140351,0.2894736842105263,-1.0,0.18421052631578946,-0.7807017543859649,0.20175438596491227,-0.6228070175438597,0.24561403508771928,-0.7105263157894737,0.07017543859649122,-0.9649122807017544,-0.017543859649122806,-0.7368421052631579,0.017543859649122806,-0.6052631578947368,0.07894736842105263,-0.6842105263157895,-0.14035087719298245,-0.9210526315789473,-0.21929824561403508,-0.7192982456140351,-0.17543859649122806,-0.5789473684210527,-0.12280701754385964,-0.631578947368421,-0.3333333333333333,-0.8333333333333334,-0.39473684210526316,-0.6842105263157895,-0.3508771929824561,-0.5789473684210527,-0.30701754385964913
36,0.0,0.0,-0.22807017543859648,0.2543859649122807,-0.5701754385964912,0.47368421052631576,-0.8245614035087719,0.6666666666666666,-0.9385964912280702,0.868421052631579,-0.8070175438596491,0.18421052631578946,-1.0,0.07017543859649122,-0.7280701754385965,0.12280701754385964,-0.5964912280701754,0.15789473684210525,-0.7719298245614035,-0.043859649122807015,-0.9649122807017544,-0.14912280701754385,-0.6578947368421053,-0.06140350877192982,-0.543859649122807,0.0,-0.7105263157894737,-0.23684210526315788,-0.9122807017543859,-0.3508771929824561,-0.6403508771929824,-0.24561403508771928,-0.5087719298245614,-0.18421052631578946,-0.6228070175438597,-0.41228070175438597,-0.8157894736842105,-0.5,-0.6403508771929824,-0.42105263157894735,-0.5263157894736842,-0.3508771929824561
36,0.0,0.0,-0.21929824561403508,0.2631578947368421,-0.5701754385964912,0.47368421052631576,-0.8070175438596491,0.6666666666666666,-0.9298245614035088,0.8771929824561403,-0.8157894736842105,0.18421052631578946,-1.0,0.07894736842105263,-0.7280701754385965,0.13157894736842105,-0.5789473684210527,0.17543859649122806,-0.7719298245614035,-0.03508771929824561,-0.9649122807017544,-0.14035087719298245,-0.6578947368421053,-0.043859649122807015,-0.543859649122807,0.02631578947368421,-0.7105263157894737,-0.23684210526315788,-0.8859649122807017,-0.3508771929824561,-0.6140350877192983,-0.24561403508771928,-0.5,-0.16666666666666666,-0.6140350877192983,-0.41228070175438597,-0.7894736842105263,-0.5175438596491229,-0.6228070175438597,-0.4298245614035088,-0.5263157894736842,-0.35964912280701755
36,0.0,0.0,-0.20869565217391303,0.25217391304347825,-0.5043478260869565,0.4782608695652174,-0.7478260869565218,0.6782608695652174,-0.8869565217391304,0.8869565217391304,-0.782608695652174,0.19130434782608696,-1.0,0.0782608695652174,-0.7391304347826086,0.12173913043478261,-0.5826086956521739,0.17391304347826086,-0.7478260869565218,-0.034782608695652174,-0.9652173913043478,-0.13043478260869565,-0.6782608695652174,-0.05217391304347826,-0.5478260869565217,0.017391304347826087,-0.6956521739130435,-0.23478260869565218,-0.9130434782608695,-0.3391304347826087,-0.6695652173913044,-0.25217391304347825,-0.5217391304347826,-0.17391304347826086,-0.6260869565217392,-0.41739130434782606,-0.8173913043478261,-0.5130434782608696,-0.6521739130434783,-0.4260869565217391,-0.5391304347826087,-0.3565217391304348
36,0.0,0.0,-0.20353982300884957,0.25663716814159293,-0.49557522123893805,0.48672566371681414,-0.7345132743362832,0.6902654867256637,-0.8849557522123894,0.911504424778761,-0.8053097345132744,0.20353982300884957,-1.0,0.08849557522123894,-0.7433628318584071,0.12389380530973451,-0.584070796460177,0.17699115044247787,-0.7699115044247787,-0.035398230088495575,-0.9646017699115044,-0.13274336283185842,-0.672566371681416,-0.05309734513274336,-0.5486725663716814,0.017699115044247787,-0.7168141592920354,-0.24778761061946902,-0.9026548672566371,-0.34513274336283184,-0.6637168141592921,-0.26548672566371684,-0.5221238938053098,-0.17699115044247787,-0.6371681415929203,-0.4336283185840708,-0.8230088495575221,-0.5309734513274337,-0.6548672566371682,-0.4424778761061947,-0.5486725663716814,-0.36283185840707965
36,0.0,0.0,-0.1044776119402985,0.26865671641791045,-0.30597014925373134,0.5447761194029851,-0.4552238805970149,0.7761194029850746,-0.5373134328358209,1.0,-0.664179104477612,0.3656716417910448,-0.7910447761194029,0.27611940298507465,-0.5447761194029851,0.26119402985074625,-0.43283582089552236,0.291044776119403,-0.6791044776119403,0.15671641791044777,-0.8059701492537313,0.08955223880597014,-0.5373134328358209,0.09701492537313433,-0.44776119402985076,0.1417910447761194,-0.6716417910447762,-0.03731343283582089,-0.7835820895522388,-0.09701492537313433,-0.5522388059701493,-0.07462686567164178,-0.4552238805970149,-0.029850746268656716,-0.6417910447761194,-0.21641791044776118,-0.746268656716418,-0.26865671641791045,-0.5746268656716418,-0.23134328358208955,-0.5,-0.1865671641791045
36,0.0,0.0,-0.0962962962962963,0.26666666666666666,-0.28888888888888886,0.5333333333333333,-0.42962962962962964,0.7777777777777778,-0.4888888888888889,1.0,-0.6296296296296297,0.362962962962963,-0.7851851851851852,0.2962962962962963,-0.5333333333333333,0.26666666666666666,-0.4148148148148148,0.2740740740740741,-0.6518518518518519,0.16296296296296298,-0.7925925925925926,0.1111111111111111,-0.5111111111111111,0.1111111111111111,-0.42962962962962964,0.14814814814814814,-0.6518518518518519,-0.02962962962962963,-0.8,-0.07407407407407407,-0.5555555555555556,-0.05925925925925926,-0.45925925925925926,-0.022222222222222223,-0.6370370370370371,-0.2,-0.8,-0.22962962962962963,-0.6296296296296297,-0.21481481481481482,-0.5333333333333333,-0.18518518518518517
36,0.0,0.0,-0.09022556390977443,0.2706766917293233,-0.2857142857142857,0.5488721804511278,-0.42857142857142855,0.7894736842105263,-0.48872180451127817,1.0,-0.6165413533834586,0.3609022556390977,-0.7744360902255639,0.3157894736842105,-0.5263157894736842,0.2857142857142857,-0.40601503759398494,0.2857142857142857,-0.6466165413533834,0.16541353383458646,-0.7894736842105263,0.12030075187969924,-0.5112781954887218,0.12781954887218044,-0.42105263157894735,0.15037593984962405,-0.6466165413533834,-0.03007518796992481,-0.7969924812030075,-0.06015037593984962,-0.5488721804511278,-0.03759398496240601,-0.44360902255639095,-0.015037593984962405,-0.631578947368421,-0.19548872180451127,-0.8045112781954887,-0.22556390977443608,-0.631578947368421,-0.20300751879699247,-0.5338345864661654,-0.18045112781954886
36,0.0,0.0,-0.11206896551724138,0.28448275862068967,-0.33620689655172414,0.5603448275862069,-0.5431034482758621,0.7844827586206896,-0.6551724137931034,1.0,-0.7931034482758621,0.3793103448275862,-0.9396551724137931,0.28448275862068967,-0.6637931034482759,0.27586206896551724,-0.5431034482758621,0.31896551724137934,-0.8017241379310345,0.15517241379310345,-0.9224137931034483,0.0603448275862069,-0.6120689655172413,0.09482758620689655,-0.5431034482758621,0.15517241379310345,-0.7758620689655172,-0.0603448275862069,-0.9137931034482759,-0.14655172413793102,-0.646551724137931,-0.10344827586206896,-0.5603448275862069,-0.04310344827586207,-0.7241379310344828,-0.25,-0.853448275862069,-0.31896551724137934,-0.6551724137931034,-0.27586206896551724,-0.5689655172413793,-0.21551724137931033
36,0.0,0.0,-0.17117117117117117,0.2702702702702703,-0.46846846846846846,0.5225225225225225,-0.7387387387387387,0.7207207207207207,-0.918918918918919,0.918918918918919,-0.8558558558558559,0.27927927927927926,-1.0,0.18018018018018017,-0.7837837837837838,0.2072072072072072,-0.6486486486486487,0.2702702702702703,-0.8558558558558559,0.06306306306306306,-0.954954954954955,-0.02702702702702703,-0.7297297297297297,0.018018018018018018,-0.6216216216216216,0.08108108108108109,-0.8198198198198198,-0.15315315315315314,-0.9099099099099099,-0.23423423423423423,-0.7117117117117117,-0.18018018018018017,-0.6126126126126126,-0.12612612612612611,-0.7567567567567568,-0.35135135135135137,-0.8558558558558559,-0.44144144144144143,-0.6846846846846847,-0.38738738738738737,-0.5945945945945946,-0.32432432432432434
36,0.0,0.0,-0.20535714285714285,0.2767857142857143,-0.5178571428571429,0.5089285714285714,-0.7678571428571429,0.6964285714285714,-0.9375,0.8928571428571429,-0.8303571428571429,0.25,-1.0,0.14285714285714285,-0.7946428571428571,0.17857142857142858,-0.6517857142857143,0.24107142857142858,-0.8125,0.044642857142857144,-0.9464285714285714,-0.05357142857142857,-0.7321428571428571,0.0,-0.625,0.07142857142857142,-0.7678571428571429,-0.16071428571428573,-0.8839285714285714,-0.25,-0.6964285714285714,-0.1875,-0.5892857142857143,-0.125,-0.7053571428571429,-0.3392857142857143,-0.8303571428571429,-0.4375,-0.6785714285714286,-0.38392857142857145,-0.5803571428571429,-0.32142857142857145
36,0.0,0.0,-0.21052631578947367,0.21052631578947367,-0.5964912280701754,0.39473684210526316,-0.8596491228070176,0.5526315789473685,-1.0,0.7368421052631579,-0.8421052631578947,0.07017543859649122,-0.9736842105263158,-0.07894736842105263,-0.7192982456140351,0.017543859649122806,-0.6052631578947368,0.10526315789473684,-0.7894736842105263,-0.14912280701754385,-0.9122807017543859,-0.2719298245614035,-0.6052631578947368,-0.13157894736842105,-0.5087719298245614,-0.043859649122807015,-0.6929824561403509,-0.34210526315789475,-0.8070175438596491,-0.45614035087719296,-0.5263157894736842,-0.3157894736842105,-0.41228070175438597,-0.21929824561403508,-0.5789473684210527,-0.5087719298245614,-0.6929824561403509,-0.6140350877192983,-0.47368421052631576,-0.49122807017543857,-0.3684210526315789,-0.38596491228070173
36,0.0,0.0,-0.2396694214876033,0.2066115702479339,-0.5950413223140496,0.38016528925619836,-0.8429752066115702,0.5289256198347108,-1.0,0.71900826446281,-0.8512396694214877,0.06611570247933884,-0.9421487603305785,-0.0743801652892562,-0.6942148760330579,0.008264462809917356,-0.6033057851239669,0.08264462809917356,-0.7933884297520661,-0.14049586776859505,-0.8677685950413223,-0.256198347107438,-0.5950413223140496,-0.15702479338842976,-0.5206611570247934,-0.06611570247933884,-0.7107438016528925,-0.3305785123966942,-0.7851239669421488,-0.4380165289256198,-0.5371900826446281,-0.3305785123966942,-0.45454545454545453,-0.23140495867768596,-0.6115702479338843,-0.48760330578512395,-0.7107438016528925,-0.6033057851239669,-0.5289256198347108,-0.5041322314049587,-0.45454545454545453,-0.4049586776859504
36,0.0,0.0,-0.20175438596491227,0.24561403508771928,-0.5350877192982456,0.4473684210526316,-0.8157894736842105,0.6140350877192983,-0.9824561403508771,0.8245614035087719,-0.8947368421052632,0.13157894736842105,-1.0,-0.043859649122807015,-0.7192982456140351,0.043859649122807015,-0.6403508771929824,0.11403508771929824,-0.8245614035087719,-0.11403508771929824,-0.9210526315789473,-0.2543859649122807,-0.6403508771929824,-0.13157894736842105,-0.5789473684210527,-0.05263157894736842,-0.7280701754385965,-0.32456140350877194,-0.8421052631578947,-0.45614035087719296,-0.5964912280701754,-0.34210526315789475,-0.5087719298245614,-0.2543859649122807,-0.6228070175438597,-0.5175438596491229,-0.7368421052631579,-0.6403508771929824,-0.5789473684210527,-0.5350877192982456,-0.5,-0.4473684210526316
36,0.0,0.0,-0.2037037037037037,0.25925925925925924,-0.5277777777777778,0.4722222222222222,-0.8148148148148148,0.6574074074074074,-0.9814814814814815,0.8796296296296297,-0.9074074074074074,0.12962962962962962,-1.0,-0.05555555555555555,-0.7129629629629629,0.046296296296296294,-0.6296296296296297,0.12962962962962962,-0.8425925925925926,-0.12962962962962962,-0.9259259259259259,-0.26851851851851855,-0.6296296296296297,-0.12962962962962962,-0.5740740740740741,-0.037037037037037035,-0.75,-0.35185185185185186,-0.8425925925925926,-0.48148148148148145,-0.5833333333333334,-0.35185185185185186,-0.5092592592592593,-0.25925925925925924,-0.6388888888888888,-0.5462962962962963,-0.75,-0.6851851851851852,-0.5740740740740741,-0.5648148148148148,-0.5,-0.4722222222222222
36,0.0,0.0,-0.20175438596491227,0.2543859649122807,-0.4824561403508772,0.5263157894736842,-0.7017543859649122,0.7631578947368421,-0.8333333333333334,1.0,-0.9298245614035088,0.22807017543859648,-0.9649122807017544,0.07894736842105263,-0.7543859649122807,0.11403508771929824,-0.6403508771929824,0.20175438596491227,-0.9035087719298246,-0.017543859649122806,-0.8947368421052632,-0.13157894736842105,-0.6929824561403509,-0.08771929824561403,-0.6140350877192983,-0.02631578947368421,-0.8245614035087719,-0.23684210526315788,-0.8157894736842105,-0.34210526315789475,-0.6491228070175439,-0.2894736842105263,-0.5789473684210527,-0.22807017543859648,-0.7192982456140351,-0.43859649122807015,-0.7192982456140351,-0.5350877192982456,-0.5789473684210527,-0.47368421052631576,-0.5087719298245614,-0.41228070175438597
37,0.0,0.0,-0.24060150375939848,0.03759398496240601,-0.39097744360902253,-0.07518796992481203,-0.48120300751879697,-0.16541353383458646,-0.5639097744360902,-0.22556390977443608,-0.45864661654135336,-0.3684210526315789,-0.6766917293233082,-0.44360902255639095,-0.8345864661654135,-0.5037593984962406,-0.9548872180451128,-0.5714285714285714,-0.43609022556390975,-0.39097744360902253,-0.706766917293233,-0.47368421052631576,-0.8646616541353384,-0.5488721804511278,-1.0,-0.6240601503759399,-0.41353383458646614,-0.3684210526315789,-0.6766917293233082,-0.45112781954887216,-0.8345864661654135,-0.518796992481203,-0.9624060150375939,-0.5864661654135338,-0.40601503759398494,-0.3082706766917293,-0.5714285714285714,-0.3684210526315789,-0.6766917293233082,-0.40601503759398494,-0.7819548872180451,-0.45864661654135336
37,0.0,0.0,-0.23880597014925373,0.022388059701492536,-0.3880597014925373,-0.08955223880597014,-0.47761194029850745,-0.16417910447761194,-0.5746268656716418,-0.22388059701492538,-0.4552238805970149,-0.3805970149253731,-0.6791044776119403,-0.4552238805970149,-0.8283582089552238,-0.5149253731343284,-0.9477611940298507,-0.582089552238806,-0.4253731343283582,-0.39552238805970147,-0.7014925373134329,-0.47761194029850745,-0.8656716417910447,-0.5447761194029851,-1.0,-0.6194029850746269,-0.41044776119402987,-0.3656716417910448,-0.6716417910447762,-0.4552238805970149,-0.835820895522388,-0.5223880597014925,-0.9626865671641791,-0.5970149253731343,-0.40298507462686567,-0.29850746268656714,-0.5671641791044776,-0.3656716417910448,-0.6791044776119403,-0.40298507462686567,-0.7835820895522388,-0.4552238805970149
37,0.0,0.0,-0.23880597014925373,0.022388059701492536,-0.3880597014925373,-0.08955223880597014,-0.47761194029850745,-0.16417910447761194,-0.5671641791044776,-0.21641791044776118,-0.44776119402985076,-0.373134328358209,-0.6716417910447762,-0.44776119402985076,-0.8283582089552238,-0.5074626865671642,-0.9477611940298507,-0.5671641791044776,-0.417910447761194,-0.39552238805970147,-0.6940298507462687,-0.47761194029850745,-0.8582089552238806,-0.5373134328358209,-1.0,-0.6119402985074627,-0.40298507462686567,-0.3656716417910448,-0.6716417910447762,-0.44776119402985076,-0.8283582089552238,-0.5149253731343284,-0.9626865671641791,-0.582089552238806,-0.40298507462686567,-0.29850746268656714,-0.5746268656716418,-0.3656716417910448,-0.6791044776119403,-0.41044776119402987,-0.7835820895522388,-0.4626865671641791
37,0.0,0.0,-0.23846153846153847,0.023076923076923078,-0.38461538461538464,-0.09230769230769231,-0.4846153846153846,-0.16923076923076924,-0.5769230769230769,-0.23076923076923078,-0.45384615384615384,-0.3923076923076923,-0.6846153846153846,-0.46923076923076923,-0.8384615384615385,-0.5307692307692308,-0.9615384615384616,-0.5923076923076923,-0.4307692307692308,-0.4153846153846154,-0.7076923076923077,-0.5,-0.8692307692307693,-0.5615384615384615,-1.0,-0.6384615384615384,-0.4153846153846154,-0.38461538461538464,-0.676923076923077,-0.46923076923076923,-0.8384615384615385,-0.5307692307692308,-0.9692307692307692,-0.6,-0.4153846153846154,-0.3153846153846154,-0.5923076923076923,-0.38461538461538464,-0.7076923076923077,-0.4307692307692308,-0.8153846153846154,-0.4846153846153846
37,0.0,0.0,-0.24812030075187969,0.022556390977443608,-0.39097744360902253,-0.09022556390977443,-0.47368421052631576,-0.15789473684210525,-0.5639097744360902,-0.21052631578947367,-0.44360902255639095,-0.38345864661654133,-0.6766917293233082,-0.45112781954887216,-0.8270676691729323,-0.5112781954887218,-0.9473684210526315,-0.5789473684210527,-0.41353383458646614,-0.39849624060150374,-0.6917293233082706,-0.47368421052631576,-0.8646616541353384,-0.5338345864661654,-1.0,-0.6090225563909775,-0.39849624060150374,-0.3609022556390977,-0.6691729323308271,-0.44360902255639095,-0.8270676691729323,-0.5112781954887218,-0.9624060150375939,-0.5789473684210527,-0.40601503759398494,-0.2857142857142857,-0.5864661654135338,-0.3609022556390977,-0.6992481203007519,-0.40601503759398494,-0.8045112781954887,-0.45864661654135336
37,0.0,0.0,-0.24427480916030533,0.030534351145038167,-0.3816793893129771,-0.0916030534351145,-0.4732824427480916,-0.16030534351145037,-0.5648854961832062,-0.22137404580152673,-0.45038167938931295,-0.3893129770992366,-0.6793893129770993,-0.46564885496183206,-0.8320610687022901,-0.5190839694656488,-0.9541984732824428,-0.5877862595419847,-0.4198473282442748,-0.40458015267175573,-0.7022900763358778,-0.48091603053435117,-0.8625954198473282,-0.549618320610687,-1.0,-0.6183206106870229,-0.40458015267175573,-0.366412213740458,-0.6717557251908397,-0.45038167938931295,-0.8320610687022901,-0.5114503816793893,-0.9618320610687023,-0.5877862595419847,-0.40458015267175573,-0.2900763358778626,-0.5801526717557252,-0.366412213740458,-0.6946564885496184,-0.4122137404580153,-0.7938931297709924,-0.4580152671755725
37,0.0,0.0,-0.2366412213740458,0.030534351145038167,-0.37404580152671757,-0.0916030534351145,-0.46564885496183206,-0.16030534351145037,-0.5572519083969466,-0.22137404580152673,-0.44274809160305345,-0.3816793893129771,-0.6641221374045801,-0.45038167938931295,-0.8244274809160306,-0.5114503816793893,-0.9389312977099237,-0.5725190839694656,-0.4122137404580153,-0.3969465648854962,-0.6946564885496184,-0.48091603053435117,-0.8625954198473282,-0.5419847328244275,-1.0,-0.6183206106870229,-0.3969465648854962,-0.366412213740458,-0.6717557251908397,-0.45038167938931295,-0.8320610687022901,-0.5190839694656488,-0.9541984732824428,-0.5877862595419847,-0.3893129770992366,-0.29770992366412213,-0.5648854961832062,-0.35877862595419846,-0.6717557251908397,-0.40458015267175573,-0.7633587786259542,-0.46564885496183206
37,0.0,0.0,-0.23484848484848486,0.030303030303030304,-0.3787878787878788,-0.08333333333333333,-0.4696969696969697,-0.1590909090909091,-0.5606060606060606,-0.2196969696969697,-0.4393939393939394,-0.3787878787878788,-0.6666666666666666,-0.44696969696969696,-0.8181818181818182,-0.5,-0.9393939393939394,-0.5681818181818182,-0.4166666666666667,-0.3939393939393939,-0.696969696969697,-0.4772727272727273,-0.8636363636363636,-0.5378787878787878,-1.0,-0.6136363636363636,-0.4015151515151515,-0.3712121212121212,-0.6742424242424242,-0.45454545454545453,-0.8333333333333334,-0.5151515151515151,-0.9621212121212122,-0.5909090909090909,-0.3939393939393939,-0.29545454545454547,-0.5681818181818182,-0.36363636363636365,-0.6742424242424242,-0.4015151515151515,-0.7727272727272727,-0.45454545454545453
37,0.0,0.0,-0.23134328358208955,0.03731343283582089,-0.3880597014925373,-0.07462686567164178,-0.48507462686567165,-0.14925373134328357,-0.5746268656716418,-0.208955223880597,-0.4552238805970149,-0.3656716417910448,-0.6791044776119403,-0.44029850746268656,-0.8283582089552238,-0.5,-0.9477611940298507,-0.5597014925373134,-0.4253731343283582,-0.3805970149253731,-0.7014925373134329,-0.4626865671641791,-0.8656716417910447,-0.5298507462686567,-1.0,-0.6119402985074627,-0.41044776119402987,-0.35074626865671643,-0.6716417910447762,-0.44029850746268656,-0.8283582089552238,-0.5074626865671642,-0.9626865671641791,-0.5746268656716418,-0.40298507462686567,-0.2835820895522388,-0.5671641791044776,-0.3582089552238806,-0.6791044776119403,-0.40298507462686567,-0.7686567164179104,-0.44776119402985076
37,0.0,0.0,-0.23308270676691728,0.022556390977443608,-0.37593984962406013,-0.09022556390977443,-0.47368421052631576,-0.16541353383458646,-0.5714285714285714,-0.21804511278195488,-0.44360902255639095,-0.37593984962406013,-0.6766917293233082,-0.45864661654135336,-0.8270676691729323,-0.518796992481203,-0.9473684210526315,-0.5864661654135338,-0.41353383458646614,-0.39849624060150374,-0.6992481203007519,-0.48120300751879697,-0.8646616541353384,-0.5413533834586466,-1.0,-0.6165413533834586,-0.40601503759398494,-0.3684210526315789,-0.6691729323308271,-0.45864661654135336,-0.8270676691729323,-0.5263157894736842,-0.9624060150375939,-0.5939849624060151,-0.40601503759398494,-0.3007518796992481,-0.5639097744360902,-0.3684210526315789,-0.6766917293233082,-0.41353383458646614,-0.7819548872180451,-0.46616541353383456
37,0.0,0.0,-0.24060150375939848,0.03007518796992481,-0.37593984962406013,-0.09022556390977443,-0.46616541353383456,-0.15789473684210525,-0.5639097744360902,-0.21804511278195488,-0.43609022556390975,-0.38345864661654133,-0.6691729323308271,-0.45112781954887216,-0.8195488721804511,-0.5037593984962406,-0.9398496240601504,-0.5714285714285714,-0.40601503759398494,-0.39849624060150374,-0.6917293233082706,-0.47368421052631576,-0.8646616541353384,-0.5413533834586466,-1.0,-0.6090225563909775,-0.39097744360902253,-0.3684210526315789,-0.6691729323308271,-0.45112781954887216,-0.8270676691729323,-0.5112781954887218,-0.9624060150375939,-0.5789473684210527,-0.39849624060150374,-0.2932330827067669,-0.5714285714285714,-0.3609022556390977,-0.6842105263157895,-0.40601503759398494,-0.7894736842105263,-0.45864661654135336
37,0.0,0.0,-0.22900763358778625,0.030534351145038167,-0.3816793893129771,-0.08396946564885496,-0.48091603053435117,-0.16793893129770993,-0.5725190839694656,-0.2366412213740458,-0.46564885496183206,-0.37404580152671757,-0.6793893129770993,-0.4580152671755725,-0.8320610687022901,-0.5267175572519084,-0.9541984732824428,-0.5877862595419847,-0.44274809160305345,-0.3969465648854962,-0.7099236641221374,-0.48854961832061067,-0.8702290076335878,-0.5572519083969466,-1.0,-0.6412213740458015,-0.4198473282442748,-0.37404580152671757,-0.6870229007633588,-0.46564885496183206,-0.8396946564885496,-0.5267175572519084,-0.9694656488549618,-0.6030534351145038,-0.4122137404580153,-0.31297709923664124,-0.5801526717557252,-0.3816793893129771,-0.6946564885496184,-0.4198473282442748,-0.7938931297709924,-0.4732824427480916
37,0.0,0.0,-0.23134328358208955,0.029850746268656716,-0.373134328358209,-0.08208955223880597,-0.4626865671641791,-0.15671641791044777,-0.5597014925373134,-0.21641791044776118,-0.44776119402985076,-0.3880597014925373,-0.6716417910447762,-0.4552238805970149,-0.8208955223880597,-0.5074626865671642,-0.9328358208955224,-0.5746268656716418,-0.417910447761194,-0.40298507462686567,-0.7014925373134329,-0.47761194029850745,-0.8656716417910447,-0.5373134328358209,-1.0,-0.6119402985074627,-0.39552238805970147,-0.3656716417910448,-0.6716417910447762,-0.4552238805970149,-0.8283582089552238,-0.5149253731343284,-0.9626865671641791,-0.5895522388059702,-0.39552238805970147,-0.291044776119403,-0.5671641791044776,-0.3582089552238806,-0.6791044776119403,-0.40298507462686567,-0.7910447761194029,-0.4552238805970149
37,0.0,0.0,-0.24060150375939848,0.022556390977443608,-0.38345864661654133,-0.09774436090225563,-0.47368421052631576,-0.17293233082706766,-0.5639097744360902,-0.23308270676691728,-0.45112781954887216,-0.39849624060150374,-0.6766917293233082,-0.46616541353383456,-0.8270676691729323,-0.518796992481203,-0.9473684210526315,-0.5789473684210527,-0.42105263157894735,-0.41353383458646614,-0.6992481203007519,-0.48872180451127817,-0.8646616541353384,-0.5488721804511278,-1.0,-0.6240601503759399,-0.40601503759398494,-0.37593984962406013,-0.6766917293233082,-0.45864661654135336,-0.8345864661654135,-0.518796992481203,-0.9699248120300752,-0.5864661654135338,-0.39849624060150374,-0.3007518796992481,-0.5789473684210527,-0.3684210526315789,-0.6917293233082706,-0.41353383458646614,-0.7969924812030075,-0.46616541353383456
37,0.0,0.0,-0.23134328358208955,0.029850746268656716,-0.3805970149253731,-0.07462686567164178,-0.47761194029850745,-0.15671641791044777,-0.5671641791044776,-0.208955223880597,-0.44776119402985076,-0.3656716417910448,-0.6716417910447762,-0.44029850746268656,-0.8283582089552238,-0.5,-0.9477611940298507,-0.5671641791044776,-0.4253731343283582,-0.3880597014925373,-0.6940298507462687,-0.4701492537313433,-0.8582089552238806,-0.5373134328358209,-1.0,-0.6194029850746269,-0.41044776119402987,-0.3656716417910448,-0.6716417910447762,-0.44776119402985076,-0.8283582089552238,-0.5149253731343284,-0.9552238805970149,-0.582089552238806,-0.40298507462686567,-0.29850746268656714,-0.5746268656716418,-0.3582089552238806,-0.6791044776119403,-0.40298507462686567,-0.7761194029850746,-0.4552238805970149
37,0.0,0.0,-0.23880597014925373,0.029850746268656716,-0.3805970149253731,-0.08208955223880597,-0.47761194029850745,-0.15671641791044777,-0.5671641791044776,-0.21641791044776118,-0.4552238805970149,-0.373134328358209,-0.6791044776119403,-0.44029850746268656,-0.8283582089552238,-0.5074626865671642,-0.9477611940298507,-0.5671641791044776,-0.4253731343283582,-0.3880597014925373,-0.7089552238805971,-0.4701492537313433,-0.8731343283582089,-0.5373134328358209,-1.0,-0.6119402985074627,-0.40298507462686567,-0.3656716417910448,-0.6791044776119403,-0.44776119402985076,-0.8432835820895522,-0.5149253731343284,-0.9701492537313433,-0.582089552238806,-0.39552238805970147,-0.29850746268656714,-0.5671641791044776,-0.3582089552238806,-0.6716417910447762,-0.40298507462686567,-0.7761194029850746,-0.44776119402985076
37,0.0,0.0,-0.23880597014925373,0.029850746268656716,-0.3805970149253731,-0.08208955223880597,-0.47761194029850745,-0.15671641791044777,-0.5746268656716418,-0.21641791044776118,-0.44776119402985076,-0.373134328358209,-0.6791044776119403,-0.44029850746268656,-0.8283582089552238,-0.5,-0.9477611940298507,-0.5671641791044776,-0.417910447761194,-0.39552238805970147,-0.7089552238805971,-0.4701492537313433,-0.8731343283582089,-0.5298507462686567,-1.0,-0.6044776119402985,-0.40298507462686567,-0.3656716417910448,-0.6791044776119403,-0.44776119402985076,-0.8432835820895522,-0.5074626865671642,-0.9701492537313433,-0.5746268656716418,-0.39552238805970147,-0.29850746268656714,-0.5671641791044776,-0.3582089552238806,-0.6791044776119403,-0.40298507462686567,-0.7761194029850746,-0.4552238805970149
37,0.0,0.0,-0.23880597014925373,0.022388059701492536,-0.3880597014925373,-0.09701492537313433,-0.48507462686567165,-0.17164179104477612,-0.5671641791044776,-0.22388059701492538,-0.44776119402985076,-0.3805970149253731,-0.6791044776119403,-0.4552238805970149,-0.8283582089552238,-0.5074626865671642,-0.9477611940298507,-0.5746268656716418,-0.4253731343283582,-0.39552238805970147,-0.7014925373134329,-0.47761194029850745,-0.8656716417910447,-0.5447761194029851,-1.0,-0.6194029850746269,-0.41044776119402987,-0.3656716417910448,-0.6791044776119403,-0.4552238805970149,-0.835820895522388,-0.5149253731343284,-0.9626865671641791,-0.5895522388059702,-0.40298507462686567,-0.29850746268656714,-0.5671641791044776,-0.3656716417910448,-0.6791044776119403,-0.417910447761194,-0.7761194029850746,-0.4701492537313433
37,0.0,0.0,-0.2462686567164179,0.022388059701492536,-0.3880597014925373,-0.09701492537313433,-0.48507462686567165,-0.17164179104477612,-0.5671641791044776,-0.23134328358208955,-0.4552238805970149,-0.3805970149253731,-0.6791044776119403,-0.4552238805970149,-0.8283582089552238,-0.5149253731343284,-0.9477611940298507,-0.5746268656716418,-0.4253731343283582,-0.39552238805970147,-0.7014925373134329,-0.48507462686567165,-0.8656716417910447,-0.5447761194029851,-1.0,-0.6194029850746269,-0.41044776119402987,-0.373134328358209,-0.6791044776119403,-0.4552238805970149,-0.835820895522388,-0.5149253731343284,-0.9626865671641791,-0.5895522388059702,-0.40298507462686567,-0.29850746268656714,-0.5671641791044776,-0.3656716417910448,-0.6791044776119403,-0.417910447761194,-0.7835820895522388,-0.4701492537313433
37,0.0,0.0,-0.1810344827586207,0.0603448275862069,-0.3448275862068966,-0.06896551724137931,-0.45689655172413796,-0.15517241379310345,-0.5603448275862069,-0.22413793103448276,-0.3706896551724138,-0.3706896551724138,-0.6120689655172413,-0.4482758620689655,-0.7931034482758621,-0.5172413793103449,-0.9396551724137931,-0.5862068965517241,-0.3620689655172414,-0.39655172413793105,-0.646551724137931,-0.47413793103448276,-0.8362068965517241,-0.5517241379310345,-1.0,-0.6293103448275862,-0.3620689655172414,-0.3706896551724138,-0.6379310344827587,-0.45689655172413796,-0.8189655172413793,-0.5258620689655172,-0.9741379310344828,-0.5948275862068966,-0.39655172413793105,-0.29310344827586204,-0.5862068965517241,-0.3879310344827586,-0.7068965517241379,-0.4482758620689655,-0.8103448275862069,-0.5086206896551724
37,0.0,0.0,-0.23134328358208955,0.029850746268656716,-0.3880597014925373,-0.08955223880597014,-0.47761194029850745,-0.16417910447761194,-0.5746268656716418,-0.22388059701492538,-0.4552238805970149,-0.373134328358209,-0.6791044776119403,-0.44776119402985076,-0.8283582089552238,-0.5074626865671642,-0.9477611940298507,-0.5746268656716418,-0.43283582089552236,-0.39552238805970147,-0.7089552238805971,-0.47761194029850745,-0.8731343283582089,-0.5373134328358209,-1.0,-0.6194029850746269,-0.417910447761194,-0.3656716417910448,-0.6865671641791045,-0.44776119402985076,-0.8507462686567164,-0.5149253731343284,-0.9776119402985075,-0.5895522388059702,-0.417910447761194,-0.29850746268656714,-0.5970149253731343,-0.373134328358209,-0.7164179104477612,-0.417910447761194,-0.8134328358208955,-0.4701492537313433
37,0.0,0.0,-0.24242424242424243,0.022727272727272728,-0.38636363636363635,-0.09848484848484848,-0.4772727272727273,-0.16666666666666666,-0.5681818181818182,-0.2196969696969697,-0.4318181818181818,-0.38636363636363635,-0.6742424242424242,-0.4621212121212121,-0.8257575757575758,-0.5151515151515151,-0.946969696969697,-0.5833333333333334,-0.4090909090909091,-0.4090909090909091,-0.696969696969697,-0.48484848484848486,-0.8636363636363636,-0.553030303030303,-1.0,-0.6212121212121212,-0.4015151515151515,-0.3787878787878788,-0.6742424242424242,-0.4621212121212121,-0.8333333333333334,-0.5303030303030303,-0.9696969696969697,-0.5984848484848485,-0.4090909090909091,-0.3106060606060606,-0.5757575757575758,-0.3787878787878788,-0.6893939393939394,-0.42424242424242425,-0.7954545454545454,-0.4772727272727273
37,0.0,0.0,-0.23703703703703705,0.037037037037037035,-0.3851851851851852,-0.07407407407407407,-0.4740740740740741,-0.14814814814814814,-0.562962962962963,-0.2,-0.45925925925925926,-0.37037037037037035,-0.674074074074074,-0.42962962962962964,-0.8296296296296296,-0.48148148148148145,-0.9481481481481482,-0.5407407407407407,-0.42962962962962964,-0.3851851851851852,-0.7037037037037037,-0.45925925925925926,-0.8666666666666667,-0.5185185185185185,-1.0,-0.5925925925925926,-0.4074074074074074,-0.35555555555555557,-0.674074074074074,-0.42962962962962964,-0.8296296296296296,-0.4962962962962963,-0.9555555555555556,-0.5703703703703704,-0.4,-0.2814814814814815,-0.5703703703703704,-0.34814814814814815,-0.6814814814814815,-0.3925925925925926,-0.7777777777777778,-0.4444444444444444
37,0.0,0.0,-0.2366412213740458,0.030534351145038167,-0.3816793893129771,-0.08396946564885496,-0.48091603053435117,-0.16030534351145037,-0.5725190839694656,-0.22137404580152673,-0.44274809160305345,-0.3816793893129771,-0.6717557251908397,-0.4580152671755725,-0.8320610687022901,-0.5190839694656488,-0.9541984732824428,-0.5801526717557252,-0.4198473282442748,-0.3969465648854962,-0.7022900763358778,-0.48091603053435117,-0.8625954198473282,-0.549618320610687,-1.0,-0.6259541984732825,-0.40458015267175573,-0.366412213740458,-0.6717557251908397,-0.45038167938931295,-0.8320610687022901,-0.5114503816793893,-0.9618320610687023,-0.5801526717557252,-0.3969465648854962,-0.29770992366412213,-0.5648854961832062,-0.366412213740458,-0.6793893129770993,-0.40458015267175573,-0.7786259541984732,-0.4580152671755725
37,0.0,0.0,-0.22900763358778625,0.022900763358778626,-0.37404580152671757,-0.09923664122137404,-0.46564885496183206,-0.183206106870229,-0.5648854961832062,-0.24427480916030533,-0.44274809160305345,-0.3893129770992366,-0.6717557251908397,-0.4732824427480916,-0.8320610687022901,-0.5419847328244275,-0.9541984732824428,-0.6106870229007634,-0.4198473282442748,-0.4122137404580153,-0.6946564885496184,-0.5038167938931297,-0.8625954198473282,-0.5725190839694656,-1.0,-0.648854961832061,-0.40458015267175573,-0.3893129770992366,-0.6717557251908397,-0.4732824427480916,-0.8320610687022901,-0.5419847328244275,-0.9618320610687023,-0.6106870229007634,-0.40458015267175573,-0.32061068702290074,-0.5725190839694656,-0.3893129770992366,-0.6793893129770993,-0.4351145038167939,-0.7786259541984732,-0.48854961832061067
37,0.0,0.0,-0.23880597014925373,0.029850746268656716,-0.3880597014925373,-0.08208955223880597,-0.48507462686567165,-0.15671641791044777,-0.5746268656716418,-0.21641791044776118,-0.44776119402985076,-0.373134328358209,-0.6791044776119403,-0.44776119402985076,-0.835820895522388,-0.5074626865671642,-0.9552238805970149,-0.5746268656716418,-0.4253731343283582,-0.3880597014925373,-0.7014925373134329,-0.47761194029850745,-0.8656716417910447,-0.5447761194029851,-1.0,-0.6194029850746269,-0.41044776119402987,-0.3582089552238806,-0.6791044776119403,-0.44776119402985076,-0.8432835820895522,-0.5149253731343284,-0.9626865671641791,-0.582089552238806,-0.41044776119402987,-0.291044776119403,-0.582089552238806,-0.3582089552238806,-0.6865671641791045,-0.40298507462686567,-0.7910447761194029,-0.44776119402985076
37,0.0,0.0,-0.24427480916030533,0.022900763358778626,-0.3893129770992366,-0.09923664122137404,-0.48091603053435117,-0.16793893129770993,-0.5725190839694656,-0.22900763358778625,-0.44274809160305345,-0.3893129770992366,-0.6793893129770993,-0.4580152671755725,-0.8320610687022901,-0.5190839694656488,-0.9541984732824428,-0.5801526717557252,-0.4122137404580153,-0.40458015267175573,-0.7099236641221374,-0.48854961832061067,-0.8702290076335878,-0.549618320610687,-1.0,-0.6259541984732825,-0.40458015267175573,-0.37404580152671757,-0.6870229007633588,-0.4580152671755725,-0.8473282442748091,-0.5190839694656488,-0.9694656488549618,-0.5801526717557252,-0.40458015267175573,-0.3053435114503817,-0.5801526717557252,-0.366412213740458,-0.7022900763358778,-0.4122137404580153,-0.8015267175572519,-0.46564885496183206
37,0.0,0.0,-0.24615384615384617,0.023076923076923078,-0.38461538461538464,-0.1,-0.47692307692307695,-0.17692307692307693,-0.5692307692307692,-0.23846153846153847,-0.43846153846153846,-0.4,-0.6692307692307692,-0.47692307692307695,-0.8307692307692308,-0.5307692307692308,-0.9538461538461539,-0.6,-0.4153846153846154,-0.4153846153846154,-0.7,-0.5,-0.8615384615384616,-0.5692307692307692,-1.0,-0.6384615384615384,-0.4,-0.38461538461538464,-0.676923076923077,-0.46923076923076923,-0.8307692307692308,-0.5230769230769231,-0.9615384615384616,-0.5923076923076923,-0.4,-0.3153846153846154,-0.5769230769230769,-0.3769230769230769,-0.6923076923076923,-0.4230769230769231,-0.8,-0.46923076923076923
37,0.0,0.0,-0.24242424242424243,0.030303030303030304,-0.3787878787878788,-0.08333333333333333,-0.4696969696969697,-0.16666666666666666,-0.5606060606060606,-0.22727272727272727,-0.4393939393939394,-0.38636363636363635,-0.6742424242424242,-0.4621212121212121,-0.8257575757575758,-0.5227272727272727,-0.946969696969697,-0.5833333333333334,-0.4166666666666667,-0.4015151515151515,-0.6893939393939394,-0.48484848484848486,-0.8636363636363636,-0.5454545454545454,-1.0,-0.6136363636363636,-0.4015151515151515,-0.3712121212121212,-0.6666666666666666,-0.45454545454545453,-0.8257575757575758,-0.5075757575757576,-0.9621212121212122,-0.5757575757575758,-0.3939393939393939,-0.29545454545454547,-0.5681818181818182,-0.36363636363636365,-0.6818181818181818,-0.4090909090909091,-0.7803030303030303,-0.4621212121212121
37,0.0,0.0,-0.2366412213740458,0.030534351145038167,-0.3816793893129771,-0.08396946564885496,-0.4732824427480916,-0.16793893129770993,-0.5648854961832062,-0.2366412213740458,-0.45038167938931295,-0.3816793893129771,-0.6793893129770993,-0.46564885496183206,-0.8320610687022901,-0.5267175572519084,-0.9541984732824428,-0.5954198473282443,-0.42748091603053434,-0.40458015267175573,-0.7022900763358778,-0.48854961832061067,-0.8702290076335878,-0.5572519083969466,-1.0,-0.6412213740458015,-0.4122137404580153,-0.37404580152671757,-0.6870229007633588,-0.4580152671755725,-0.8473282442748091,-0.5267175572519084,-0.9694656488549618,-0.5954198473282443,-0.4122137404580153,-0.31297709923664124,-0.5877862595419847,-0.37404580152671757,-0.6946564885496184,-0.4122137404580153,-0.7938931297709924,-0.46564885496183206
37,0.0,0.0,-0.23484848484848486,0.03787878787878788,-0.3787878787878788,-0.07575757575757576,-0.4696969696969697,-0.1590909090909091,-0.5606060606060606,-0.2196969696969697,-0.4393939393939394,-0.3787878787878788,-0.6742424242424242,-0.45454545454545453,-0.8333333333333334,-0.5151515151515151,-0.9545454545454546,-0.5833333333333334,-0.4166666666666667,-0.3939393939393939,-0.696969696969697,-0.48484848484848486,-0.8712121212121212,-0.5454545454545454,-1.0,-0.6212121212121212,-0.4090909090909091,-0.3712121212121212,-0.6818181818181818,-0.45454545454545453,-0.8409090909090909,-0.5151515151515151,-0.9696969696969697,-0.5833333333333334,-0.4090909090909091,-0.30303030303030304,-0.5909090909090909,-0.36363636363636365,-0.7045454545454546,-0.4090909090909091,-0.803030303030303,-0.4621212121212121
37,0.0,0.0,-0.2018348623853211,0.027522935779816515,-0.3761467889908257,-0.11009174311926606,-0.48623853211009177,-0.1926605504587156,-0.5871559633027523,-0.25688073394495414,-0.3853211009174312,-0.3853211009174312,-0.6146788990825688,-0.46788990825688076,-0.8073394495412844,-0.5321100917431193,-0.963302752293578,-0.5871559633027523,-0.3577981651376147,-0.3853211009174312,-0.6238532110091743,-0.48623853211009177,-0.8256880733944955,-0.5596330275229358,-1.0,-0.6422018348623854,-0.3394495412844037,-0.3394495412844037,-0.5963302752293578,-0.44036697247706424,-0.7798165137614679,-0.5137614678899083,-0.9357798165137615,-0.5871559633027523,-0.3302752293577982,-0.24770642201834864,-0.5045871559633027,-0.3394495412844037,-0.6422018348623854,-0.4036697247706422,-0.7614678899082569,-0.46788990825688076
37,0.0,0.0,-0.23255813953488372,0.015503875968992248,-0.3798449612403101,-0.10852713178294573,-0.4728682170542636,-0.18604651162790697,-0.5658914728682171,-0.24806201550387597,-0.4418604651162791,-0.4108527131782946,-0.6744186046511628,-0.49612403100775193,-0.8294573643410853,-0.5658914728682171,-0.9534883720930233,-0.6356589147286822,-0.4186046511627907,-0.4263565891472868,-0.6976744186046512,-0.5116279069767442,-0.8604651162790697,-0.5891472868217055,-1.0,-0.6666666666666666,-0.4186046511627907,-0.3953488372093023,-0.6821705426356589,-0.4806201550387597,-0.8372093023255814,-0.5503875968992248,-0.9689922480620154,-0.6201550387596899,-0.4263565891472868,-0.3178294573643411,-0.5968992248062015,-0.3953488372093023,-0.7054263565891473,-0.4418604651162791,-0.8062015503875969,-0.4883720930232558
37,0.0,0.0,-0.24806201550387597,0.015503875968992248,-0.3875968992248062,-0.10077519379844961,-0.4806201550387597,-0.18604651162790697,-0.5736434108527132,-0.24806201550387597,-0.4418604651162791,-0.40310077519379844,-0.6744186046511628,-0.4883720930232558,-0.8294573643410853,-0.5581395348837209,-0.9612403100775194,-0.627906976744186,-0.4186046511627907,-0.4186046511627907,-0.6976744186046512,-0.5193798449612403,-0.8604651162790697,-0.5891472868217055,-1.0,-0.6666666666666666,-0.4108527131782946,-0.3953488372093023,-0.6744186046511628,-0.4883720930232558,-0.8372093023255814,-0.5503875968992248,-0.9612403100775194,-0.6124031007751938,-0.4186046511627907,-0.3178294573643411,-0.5891472868217055,-0.3953488372093023,-0.7054263565891473,-0.4418604651162791,-0.8062015503875969,-0.4883720930232558
37,0.0,0.0,-0.1941747572815534,0.02912621359223301,-0.3592233009708738,-0.08737864077669903,-0.47572815533980584,-0.1650485436893204,-0.5728155339805825,-0.23300970873786409,-0.3300970873786408,-0.4077669902912621,-0.5825242718446602,-0.5048543689320388,-0.7864077669902912,-0.5922330097087378,-0.941747572815534,-0.6601941747572816,-0.3300970873786408,-0.4174757281553398,-0.6116504854368932,-0.5242718446601942,-0.8155339805825242,-0.6116504854368932,-1.0,-0.7087378640776699,-0.34951456310679613,-0.3883495145631068,-0.6019417475728155,-0.5048543689320388,-0.7961165048543689,-0.5922330097087378,-0.9611650485436893,-0.6699029126213593,-0.3883495145631068,-0.32038834951456313,-0.5728155339805825,-0.42718446601941745,-0.6990291262135923,-0.5048543689320388,-0.8058252427184466,-0.5631067961165048
37,0.0,0.0,-0.24031007751937986,0.023255813953488372,-0.3875968992248062,-0.09302325581395349,-0.4806201550387597,-0.17829457364341086,-0.5736434108527132,-0.24806201550387597,-0.4418604651162791,-0.4108527131782946,-0.6744186046511628,-0.49612403100775193,-0.8294573643410853,-0.5658914728682171,-0.9534883720930233,-0.6356589147286822,-0.4186046511627907,-0.4263565891472868,-0.6976744186046512,-0.5193798449612403,-0.8682170542635659,-0.5968992248062015,-1.0,-0.6821705426356589,-0.40310077519379844,-0.3875968992248062,-0.6744186046511628,-0.4883720930232558,-0.8372093023255814,-0.5658914728682171,-0.9689922480620154,-0.6434108527131783,-0.4108527131782946,-0.3178294573643411,-0.5891472868217055,-0.3875968992248062,-0.6976744186046512,-0.4418604651162791,-0.7984496124031008,-0.49612403100775193
37,0.0,0.0,-0.2421875,0.03125,-0.3984375,-0.09375,-0.4921875,-0.171875,-0.5859375,-0.2421875,-0.4765625,-0.3984375,-0.6953125,-0.4921875,-0.84375,-0.5625,-0.96875,-0.640625,-0.4453125,-0.4140625,-0.7109375,-0.515625,-0.8671875,-0.59375,-1.0,-0.6796875,-0.4296875,-0.390625,-0.6796875,-0.4921875,-0.8359375,-0.5625,-0.96875,-0.640625,-0.421875,-0.3203125,-0.59375,-0.40625,-0.7109375,-0.4609375,-0.8203125,-0.515625
37,0.0,0.0,-0.21296296296296297,0.046296296296296294,-0.37962962962962965,-0.09259259259259259,-0.48148148148148145,-0.16666666666666666,-0.5833333333333334,-0.24074074074074073,-0.35185185185185186,-0.4166666666666667,-0.6018518518518519,-0.5092592592592593,-0.8055555555555556,-0.5925925925925926,-0.9629629629629629,-0.6574074074074074,-0.3425925925925926,-0.4351851851851852,-0.6203703703703703,-0.5370370370370371,-0.8240740740740741,-0.6203703703703703,-1.0,-0.7129629629629629,-0.35185185185185186,-0.39814814814814814,-0.6111111111111112,-0.5092592592592593,-0.8055555555555556,-0.5833333333333334,-0.9722222222222222,-0.6574074074074074,-0.3888888888888889,-0.32407407407407407,-0.5833333333333334,-0.4351851851851852,-0.7129629629629629,-0.49074074074074076,-0.8240740740740741,-0.5462962962962963
37,0.0,0.0,-0.24806201550387597,0.031007751937984496,-0.3953488372093023,-0.08527131782945736,-0.4806201550387597,-0.16279069767441862,-0.5813953488372093,-0.2248062015503876,-0.4418604651162791,-0.3798449612403101,-0.6744186046511628,-0.4728682170542636,-0.8294573643410853,-0.5503875968992248,-0.9457364341085271,-0.627906976744186,-0.4186046511627907,-0.40310077519379844,-0.7054263565891473,-0.5038759689922481,-0.8682170542635659,-0.5813953488372093,-1.0,-0.6666666666666666,-0.4108527131782946,-0.3798449612403101,-0.6821705426356589,-0.4806201550387597,-0.8372093023255814,-0.5503875968992248,-0.9689922480620154,-0.627906976744186,-0.4108527131782946,-0.31007751937984496,-0.5813953488372093,-0.3875968992248062,-0.6976744186046512,-0.4418604651162791,-0.8062015503875969,-0.49612403100775193
37,0.0,0.0,-0.24427480916030533,0.022900763358778626,-0.3893129770992366,-0.0916030534351145,-0.48091603053435117,-0.16793893129770993,-0.5725190839694656,-0.22900763358778625,-0.4351145038167939,-0.3893129770992366,-0.6641221374045801,-0.4732824427480916,-0.816793893129771,-0.5419847328244275,-0.9389312977099237,-0.6106870229007634,-0.4122137404580153,-0.40458015267175573,-0.6946564885496184,-0.4961832061068702,-0.8549618320610687,-0.5725190839694656,-1.0,-0.6564885496183206,-0.40458015267175573,-0.37404580152671757,-0.6717557251908397,-0.4732824427480916,-0.8320610687022901,-0.549618320610687,-0.9618320610687023,-0.6335877862595419,-0.4122137404580153,-0.3053435114503817,-0.5801526717557252,-0.3816793893129771,-0.6946564885496184,-0.4351145038167939,-0.8015267175572519,-0.4961832061068702
37,0.0,0.0,-0.24427480916030533,0.022900763358778626,-0.3893129770992366,-0.0916030534351145,-0.48854961832061067,-0.16030534351145037,-0.5801526717557252,-0.22137404580152673,-0.45038167938931295,-0.37404580152671757,-0.6717557251908397,-0.4580152671755725,-0.8244274809160306,-0.5267175572519084,-0.9465648854961832,-0.6030534351145038,-0.42748091603053434,-0.3969465648854962,-0.6946564885496184,-0.48854961832061067,-0.8625954198473282,-0.5572519083969466,-1.0,-0.6412213740458015,-0.4122137404580153,-0.366412213740458,-0.6717557251908397,-0.46564885496183206,-0.8320610687022901,-0.5267175572519084,-0.9618320610687023,-0.6030534351145038,-0.40458015267175573,-0.3053435114503817,-0.5725190839694656,-0.37404580152671757,-0.6870229007633588,-0.4198473282442748,-0.7938931297709924,-0.4732824427480916
37,0.0,0.0,-0.2366412213740458,0.022900763358778626,-0.3893129770992366,-0.0916030534351145,-0.48091603053435117,-0.16793893129770993,-0.5801526717557252,-0.22900763358778625,-0.45038167938931295,-0.3816793893129771,-0.6717557251908397,-0.4580152671755725,-0.8244274809160306,-0.5267175572519084,-0.9389312977099237,-0.6030534351145038,-0.42748091603053434,-0.3969465648854962,-0.6946564885496184,-0.48854961832061067,-0.8625954198473282,-0.5572519083969466,-1.0,-0.6412213740458015,-0.4122137404580153,-0.37404580152671757,-0.6717557251908397,-0.46564885496183206,-0.8320610687022901,-0.5419847328244275,-0.9618320610687023,-0.6106870229007634,-0.40458015267175573,-0.31297709923664124,-0.5725190839694656,-0.3893129770992366,-0.6946564885496184,-0.4351145038167939,-0.8015267175572519,-0.48854961832061067
37,0.0,0.0,-0.24060150375939848,0.022556390977443608,-0.39097744360902253,-0.09022556390977443,-0.48872180451127817,-0.15037593984962405,-0.5789473684210527,-0.21052631578947367,-0.45864661654135336,-0.3383458646616541,-0.6842105263157895,-0.43609022556390975,-0.8345864661654135,-0.5037593984962406,-0.9548872180451128,-0.5714285714285714,-0.43609022556390975,-0.3609022556390977,-0.6992481203007519,-0.45864661654135336,-0.8646616541353384,-0.5338345864661654,-1.0,-0.6015037593984962,-0.42105263157894735,-0.3458646616541353,-0.6691729323308271,-0.44360902255639095,-0.8270676691729323,-0.5037593984962406,-0.9624060150375939,-0.5639097744360902,-0.40601503759398494,-0.3082706766917293,-0.556390977443609,-0.37593984962406013,-0.6691729323308271,-0.41353383458646614,-0.7819548872180451,-0.44360902255639095
37,0.0,0.0,-0.24427480916030533,0.022900763358778626,-0.3969465648854962,-0.0916030534351145,-0.5038167938931297,-0.16030534351145037,-0.5954198473282443,-0.22137404580152673,-0.44274809160305345,-0.35877862595419846,-0.6717557251908397,-0.44274809160305345,-0.8320610687022901,-0.5114503816793893,-0.9618320610687023,-0.5725190839694656,-0.42748091603053434,-0.37404580152671757,-0.6946564885496184,-0.46564885496183206,-0.8625954198473282,-0.5343511450381679,-1.0,-0.6106870229007634,-0.4122137404580153,-0.35877862595419846,-0.6717557251908397,-0.45038167938931295,-0.8320610687022901,-0.5114503816793893,-0.9618320610687023,-0.5725190839694656,-0.4122137404580153,-0.3053435114503817,-0.5648854961832062,-0.37404580152671757,-0.6793893129770993,-0.4198473282442748,-0.7862595419847328,-0.4580152671755725
37,0.0,0.0,-0.22962962962962963,0.02962962962962963,-0.37777777777777777,-0.07407407407407407,-0.48148148148148145,-0.14074074074074075,-0.5703703703703704,-0.1925925925925926,-0.43703703703703706,-0.37037037037037035,-0.674074074074074,-0.42962962962962964,-0.8296296296296296,-0.48148148148148145,-0.9555555555555556,-0.5333333333333333,-0.4148148148148148,-0.3851851851851852,-0.6888888888888889,-0.4444444444444444,-0.8592592592592593,-0.4962962962962963,-1.0,-0.5703703703703704,-0.4,-0.35555555555555557,-0.6592592592592592,-0.42962962962962964,-0.8222222222222222,-0.48148148148148145,-0.9555555555555556,-0.5407407407407407,-0.3925925925925926,-0.2962962962962963,-0.5555555555555556,-0.34814814814814815,-0.674074074074074,-0.3851851851851852,-0.7777777777777778,-0.4222222222222222
37,0.0,0.0,-0.23741007194244604,0.04316546762589928,-0.38848920863309355,-0.05755395683453238,-0.4892086330935252,-0.1223021582733813,-0.5827338129496403,-0.17266187050359713,-0.4244604316546763,-0.3597122302158273,-0.6618705035971223,-0.41007194244604317,-0.8201438848920863,-0.45323741007194246,-0.9424460431654677,-0.49640287769784175,-0.4028776978417266,-0.37410071942446044,-0.6834532374100719,-0.4172661870503597,-0.8561151079136691,-0.460431654676259,-1.0,-0.5107913669064749,-0.38848920863309355,-0.3381294964028777,-0.6618705035971223,-0.39568345323741005,-0.8345323741007195,-0.4460431654676259,-0.9640287769784173,-0.5035971223021583,-0.39568345323741005,-0.26618705035971224,-0.5683453237410072,-0.3237410071942446,-0.6834532374100719,-0.3597122302158273,-0.7913669064748201,-0.41007194244604317
