0,0.0,0.0,0.17857142857142858,-0.09693877551020408,0.32142857142857145,-0.2653061224489796,0.4336734693877551,-0.3979591836734694,0.5510204081632653,-0.45408163265306123,0.18877551020408162,-0.4642857142857143,0.18877551020408162,-0.7244897959183674,0.1836734693877551,-0.8826530612244898,0.17857142857142858,-1.0,0.05612244897959184,-0.4744897959183674,-0.03571428571428571,-0.6071428571428571,-0.04591836734693878,-0.5051020408163265,-0.02040816326530612,-0.42857142857142855,-0.07142857142857142,-0.44387755102040816,-0.15816326530612246,-0.5918367346938775,-0.15306122448979592,-0.5,-0.11734693877551021,-0.413265306122449,-0.19387755102040816,-0.3979591836734694,-0.3010204081632653,-0.5612244897959183,-0.3877551020408163,-0.6428571428571429,-0.45408163265306123,-0.7244897959183674
0,0.0,0.0,0.18041237113402062,-0.0979381443298969,0.31958762886597936,-0.26288659793814434,0.4329896907216495,-0.39690721649484534,0.5567010309278351,-0.4587628865979381,0.18556701030927836,-0.4742268041237113,0.18556701030927836,-0.7319587628865979,0.18041237113402062,-0.8865979381443299,0.17525773195876287,-1.0,0.05154639175257732,-0.4793814432989691,-0.041237113402061855,-0.6082474226804123,-0.05154639175257732,-0.5051546391752577,-0.02577319587628866,-0.42783505154639173,-0.07216494845360824,-0.4484536082474227,-0.16494845360824742,-0.5876288659793815,-0.15979381443298968,-0.4948453608247423,-0.12886597938144329,-0.4072164948453608,-0.1958762886597938,-0.4020618556701031,-0.30412371134020616,-0.5618556701030928,-0.3917525773195876,-0.6443298969072165,-0.4587628865979381,-0.7319587628865979
0,0.0,0.0,0.17857142857142858,-0.10204081632653061,0.32142857142857145,-0.2653061224489796,0.4336734693877551,-0.4030612244897959,0.5561224489795918,-0.45918367346938777,0.18877551020408162,-0.46938775510204084,0.1836734693877551,-0.7295918367346939,0.17346938775510204,-0.8826530612244898,0.1683673469387755,-1.0,0.05612244897959184,-0.47959183673469385,-0.03571428571428571,-0.6071428571428571,-0.04081632653061224,-0.5051020408163265,-0.02040816326530612,-0.42857142857142855,-0.07142857142857142,-0.4489795918367347,-0.15816326530612246,-0.5918367346938775,-0.15306122448979592,-0.5,-0.11734693877551021,-0.413265306122449,-0.19387755102040816,-0.4030612244897959,-0.3010204081632653,-0.5612244897959183,-0.3877551020408163,-0.6479591836734694,-0.45408163265306123,-0.7244897959183674
0,0.0,0.0,0.17435897435897435,-0.10256410256410256,0.31794871794871793,-0.26666666666666666,0.4307692307692308,-0.4,0.558974358974359,-0.4564102564102564,0.18461538461538463,-0.4717948717948718,0.1794871794871795,-0.7282051282051282,0.17435897435897435,-0.8871794871794871,0.16923076923076924,-1.0,0.05128205128205128,-0.48205128205128206,-0.03076923076923077,-0.6,-0.041025641025641026,-0.49743589743589745,-0.020512820512820513,-0.4256410256410256,-0.08205128205128205,-0.4512820512820513,-0.15384615384615385,-0.5948717948717949,-0.15384615384615385,-0.5025641025641026,-0.11794871794871795,-0.4153846153846154,-0.2,-0.40512820512820513,-0.30256410256410254,-0.5641025641025641,-0.39487179487179486,-0.6461538461538462,-0.46153846153846156,-0.7230769230769231
0,0.0,0.0,0.17857142857142858,-0.10204081632653061,0.32142857142857145,-0.2653061224489796,0.4336734693877551,-0.4030612244897959,0.5561224489795918,-0.45918367346938777,0.18877551020408162,-0.46938775510204084,0.17857142857142858,-0.7244897959183674,0.17346938775510204,-0.8826530612244898,0.16326530612244897,-1.0,0.05102040816326531,-0.47959183673469385,-0.030612244897959183,-0.6020408163265306,-0.04591836734693878,-0.49489795918367346,-0.02040816326530612,-0.42346938775510207,-0.07653061224489796,-0.4489795918367347,-0.15816326530612246,-0.5867346938775511,-0.15306122448979592,-0.49489795918367346,-0.11734693877551021,-0.40816326530612246,-0.19387755102040816,-0.4030612244897959,-0.3010204081632653,-0.5612244897959183,-0.3877551020408163,-0.6428571428571429,-0.45408163265306123,-0.7193877551020408
0,0.0,0.0,0.1794871794871795,-0.10256410256410256,0.31794871794871793,-0.2717948717948718,0.4307692307692308,-0.41025641025641024,0.5487179487179488,-0.4666666666666667,0.1794871794871795,-0.4717948717948718,0.16923076923076924,-0.7282051282051282,0.1641025641025641,-0.8871794871794871,0.15897435897435896,-1.0,0.046153846153846156,-0.48205128205128206,-0.041025641025641026,-0.6051282051282051,-0.05128205128205128,-0.5025641025641026,-0.02564102564102564,-0.4256410256410256,-0.07692307692307693,-0.4512820512820513,-0.1641025641025641,-0.5897435897435898,-0.15897435897435896,-0.5025641025641026,-0.12307692307692308,-0.4153846153846154,-0.2,-0.4,-0.3076923076923077,-0.5641025641025641,-0.39487179487179486,-0.6461538461538462,-0.46153846153846156,-0.7282051282051282
0,0.0,0.0,0.18461538461538463,-0.10256410256410256,0.3282051282051282,-0.26153846153846155,0.441025641025641,-0.39487179487179486,0.558974358974359,-0.46153846153846156,0.18974358974358974,-0.4666666666666667,0.1794871794871795,-0.7282051282051282,0.16923076923076924,-0.882051282051282,0.1641025641025641,-1.0,0.05641025641025641,-0.47692307692307695,-0.02564102564102564,-0.6051282051282051,-0.03076923076923077,-0.49743589743589745,-0.010256410256410256,-0.4256410256410256,-0.07692307692307693,-0.4461538461538462,-0.14871794871794872,-0.5846153846153846,-0.14358974358974358,-0.49230769230769234,-0.1076923076923077,-0.40512820512820513,-0.19487179487179487,-0.4,-0.30256410256410254,-0.5641025641025641,-0.38974358974358975,-0.6461538461538462,-0.4564102564102564,-0.7282051282051282
0,0.0,0.0,0.17258883248730963,-0.10152284263959391,0.3147208121827411,-0.27411167512690354,0.43147208121827413,-0.41116751269035534,0.5482233502538071,-0.467005076142132,0.17766497461928935,-0.4720812182741117,0.16751269035532995,-0.7309644670050761,0.16243654822335024,-0.883248730964467,0.15228426395939088,-1.0,0.050761421319796954,-0.48223350253807107,-0.04060913705583756,-0.6040609137055838,-0.050761421319796954,-0.5025380710659898,-0.025380710659898477,-0.4263959390862944,-0.07614213197969544,-0.4517766497461929,-0.16243654822335024,-0.5888324873096447,-0.15736040609137056,-0.5025380710659898,-0.1218274111675127,-0.41624365482233505,-0.19796954314720813,-0.4010152284263959,-0.30456852791878175,-0.5634517766497462,-0.39086294416243655,-0.649746192893401,-0.4517766497461929,-0.7309644670050761
0,0.0,0.0,0.17766497461928935,-0.10152284263959391,0.3147208121827411,-0.27411167512690354,0.4263959390862944,-0.41116751269035534,0.5431472081218274,-0.467005076142132,0.17258883248730963,-0.4720812182741117,0.16243654822335024,-0.7309644670050761,0.15228426395939088,-0.883248730964467,0.14213197969543148,-1.0,0.04568527918781726,-0.48223350253807107,-0.04060913705583756,-0.6040609137055838,-0.04568527918781726,-0.5025380710659898,-0.025380710659898477,-0.4263959390862944,-0.08121827411167512,-0.4467005076142132,-0.16243654822335024,-0.5786802030456852,-0.15736040609137056,-0.49238578680203043,-0.1218274111675127,-0.41116751269035534,-0.20304568527918782,-0.4010152284263959,-0.3096446700507614,-0.5634517766497462,-0.39593908629441626,-0.6446700507614214,-0.45685279187817257,-0.7258883248730964
0,0.0,0.0,0.1836734693877551,-0.10204081632653061,0.32142857142857145,-0.27040816326530615,0.4336734693877551,-0.4030612244897959,0.5510204081632653,-0.4642857142857143,0.1836734693877551,-0.4744897959183674,0.1683673469387755,-0.7295918367346939,0.15816326530612246,-0.8877551020408163,0.14795918367346939,-1.0,0.04591836734693878,-0.47959183673469385,-0.03571428571428571,-0.6020408163265306,-0.04591836734693878,-0.5,-0.02040816326530612,-0.42857142857142855,-0.08163265306122448,-0.4489795918367347,-0.15816326530612246,-0.5816326530612245,-0.15306122448979592,-0.49489795918367346,-0.11734693877551021,-0.413265306122449,-0.1989795918367347,-0.3979591836734694,-0.3010204081632653,-0.5612244897959183,-0.39285714285714285,-0.6428571428571429,-0.45918367346938777,-0.7244897959183674
0,0.0,0.0,0.1836734693877551,-0.10204081632653061,0.32142857142857145,-0.2755102040816326,0.4336734693877551,-0.40816326530612246,0.5459183673469388,-0.4642857142857143,0.17857142857142858,-0.4744897959183674,0.16326530612244897,-0.7295918367346939,0.15306122448979592,-0.8877551020408163,0.14285714285714285,-1.0,0.04591836734693878,-0.47959183673469385,-0.04081632653061224,-0.6020408163265306,-0.04591836734693878,-0.5,-0.025510204081632654,-0.42346938775510207,-0.08163265306122448,-0.4489795918367347,-0.16326530612244897,-0.5816326530612245,-0.15306122448979592,-0.49489795918367346,-0.11734693877551021,-0.40816326530612246,-0.20408163265306123,-0.3979591836734694,-0.30612244897959184,-0.5612244897959183,-0.39285714285714285,-0.6428571428571429,-0.45918367346938777,-0.7295918367346939
0,0.0,0.0,0.17587939698492464,-0.10552763819095477,0.3065326633165829,-0.27638190954773867,0.41708542713567837,-0.40703517587939697,0.5376884422110553,-0.46733668341708545,0.1708542713567839,-0.47738693467336685,0.16080402010050251,-0.7336683417085427,0.1457286432160804,-0.8844221105527639,0.1407035175879397,-1.0,0.04020100502512563,-0.48743718592964824,-0.04020100502512563,-0.6030150753768844,-0.04522613065326633,-0.5025125628140703,-0.02512562814070352,-0.4271356783919598,-0.08542713567839195,-0.45226130653266333,-0.16080402010050251,-0.5829145728643216,-0.1507537688442211,-0.49748743718592964,-0.11557788944723618,-0.4120603015075377,-0.20100502512562815,-0.40703517587939697,-0.3065326633165829,-0.5628140703517588,-0.3969849246231156,-0.6432160804020101,-0.4623115577889447,-0.7236180904522613
0,0.0,0.0,0.17766497461928935,-0.10152284263959391,0.3197969543147208,-0.27411167512690354,0.43147208121827413,-0.41116751269035534,0.5482233502538071,-0.467005076142132,0.17766497461928935,-0.4720812182741117,0.16751269035532995,-0.7309644670050761,0.15736040609137056,-0.883248730964467,0.14720812182741116,-1.0,0.04568527918781726,-0.48223350253807107,-0.03553299492385787,-0.5989847715736041,-0.04568527918781726,-0.49746192893401014,-0.02030456852791878,-0.4263959390862944,-0.08121827411167512,-0.4517766497461929,-0.15736040609137056,-0.583756345177665,-0.15228426395939088,-0.49746192893401014,-0.116751269035533,-0.41116751269035534,-0.19796954314720813,-0.4010152284263959,-0.30456852791878175,-0.5583756345177665,-0.39086294416243655,-0.6446700507614214,-0.45685279187817257,-0.7258883248730964
0,0.0,0.0,0.17676767676767677,-0.10101010101010101,0.3181818181818182,-0.2727272727272727,0.4292929292929293,-0.4090909090909091,0.5454545454545454,-0.4696969696969697,0.18181818181818182,-0.47474747474747475,0.16666666666666666,-0.7272727272727273,0.15656565656565657,-0.8838383838383839,0.14646464646464646,-1.0,0.050505050505050504,-0.4797979797979798,-0.04040404040404041,-0.601010101010101,-0.045454545454545456,-0.494949494949495,-0.020202020202020204,-0.41919191919191917,-0.07575757575757576,-0.4494949494949495,-0.16161616161616163,-0.5808080808080808,-0.15656565656565657,-0.494949494949495,-0.11616161616161616,-0.4090909090909091,-0.19696969696969696,-0.40404040404040403,-0.30303030303030304,-0.5606060606060606,-0.3888888888888889,-0.6464646464646465,-0.45454545454545453,-0.7222222222222222
0,0.0,0.0,0.17857142857142858,-0.09183673469387756,0.32653061224489793,-0.2653061224489796,0.4336734693877551,-0.4030612244897959,0.5510204081632653,-0.45918367346938777,0.19387755102040816,-0.4642857142857143,0.18877551020408162,-0.7244897959183674,0.17857142857142858,-0.8826530612244898,0.17346938775510204,-1.0,0.0663265306122449,-0.4744897959183674,-0.030612244897959183,-0.5969387755102041,-0.04081632653061224,-0.49489795918367346,-0.015306122448979591,-0.42346938775510207,-0.061224489795918366,-0.44387755102040816,-0.14795918367346939,-0.5918367346938775,-0.14795918367346939,-0.5,-0.11224489795918367,-0.413265306122449,-0.1836734693877551,-0.3979591836734694,-0.29081632653061223,-0.5663265306122449,-0.37755102040816324,-0.6530612244897959,-0.4387755102040816,-0.7346938775510204
0,0.0,0.0,0.17708333333333334,-0.08854166666666667,0.328125,-0.2552083333333333,0.4427083333333333,-0.390625,0.5572916666666666,-0.4427083333333333,0.19791666666666666,-0.46875,0.19791666666666666,-0.7239583333333334,0.19270833333333334,-0.8802083333333334,0.1875,-1.0,0.06770833333333333,-0.484375,-0.026041666666666668,-0.59375,-0.041666666666666664,-0.4947916666666667,-0.015625,-0.421875,-0.057291666666666664,-0.4583333333333333,-0.15104166666666666,-0.5833333333333334,-0.15104166666666666,-0.5,-0.11458333333333333,-0.4166666666666667,-0.1875,-0.4114583333333333,-0.2916666666666667,-0.578125,-0.375,-0.6666666666666666,-0.4375,-0.7552083333333334
0,0.0,0.0,0.1925133689839572,-0.0962566844919786,0.3315508021390374,-0.2620320855614973,0.44919786096256686,-0.40641711229946526,0.5721925133689839,-0.47058823529411764,0.21390374331550802,-0.5187165775401069,0.20320855614973263,-0.7486631016042781,0.1925133689839572,-0.893048128342246,0.18716577540106952,-1.0,0.0855614973262032,-0.5401069518716578,-0.0106951871657754,-0.5721925133689839,-0.0213903743315508,-0.48128342245989303,0.0106951871657754,-0.4117647058823529,-0.0481283422459893,-0.5080213903743316,-0.13903743315508021,-0.5614973262032086,-0.12834224598930483,-0.48128342245989303,-0.09090909090909091,-0.4117647058823529,-0.17647058823529413,-0.44919786096256686,-0.2727272727272727,-0.5989304812834224,-0.3582887700534759,-0.6898395721925134,-0.42245989304812837,-0.7754010695187166
0,0.0,0.0,0.18232044198895028,-0.09392265193370165,0.3149171270718232,-0.2541436464088398,0.4198895027624309,-0.39226519337016574,0.5359116022099447,-0.46408839779005523,0.18232044198895028,-0.4972375690607735,0.16022099447513813,-0.7292817679558011,0.143646408839779,-0.8839779005524862,0.1270718232044199,-1.0,0.049723756906077346,-0.5082872928176796,-0.055248618784530384,-0.5580110497237569,-0.06077348066298342,-0.4585635359116022,-0.027624309392265192,-0.4088397790055249,-0.07734806629834254,-0.4696132596685083,-0.18232044198895028,-0.5414364640883977,-0.1712707182320442,-0.4585635359116022,-0.1270718232044199,-0.39226519337016574,-0.20441988950276244,-0.4143646408839779,-0.3149171270718232,-0.569060773480663,-0.4088397790055249,-0.6629834254143646,-0.4696132596685083,-0.7513812154696132
0,0.0,0.0,0.1783783783783784,-0.08648648648648649,0.31351351351351353,-0.25405405405405407,0.42162162162162165,-0.3945945945945946,0.5405405405405406,-0.4648648648648649,0.1891891891891892,-0.4918918918918919,0.16756756756756758,-0.7243243243243244,0.14594594594594595,-0.8810810810810811,0.13513513513513514,-1.0,0.06486486486486487,-0.5081081081081081,-0.05405405405405406,-0.5621621621621622,-0.06486486486486487,-0.4648648648648649,-0.02702702702702703,-0.41621621621621624,-0.06486486486486487,-0.4702702702702703,-0.1783783783783784,-0.5459459459459459,-0.17297297297297298,-0.4702702702702703,-0.12432432432432433,-0.4,-0.1945945945945946,-0.41621621621621624,-0.3027027027027027,-0.5675675675675675,-0.3945945945945946,-0.6648648648648648,-0.4540540540540541,-0.7513513513513513
0,0.0,0.0,0.18324607329842932,-0.07853403141361257,0.33507853403141363,-0.23036649214659685,0.450261780104712,-0.3612565445026178,0.5706806282722513,-0.42408376963350786,0.23036649214659685,-0.47643979057591623,0.225130890052356,-0.7225130890052356,0.2198952879581152,-0.8795811518324608,0.2198952879581152,-1.0,0.10471204188481675,-0.4973821989528796,-0.005235602094240838,-0.581151832460733,-0.015706806282722512,-0.47643979057591623,0.015706806282722512,-0.418848167539267,-0.02617801047120419,-0.4712041884816754,-0.13089005235602094,-0.5706806282722513,-0.1256544502617801,-0.4869109947643979,-0.08376963350785341,-0.4083769633507853,-0.16230366492146597,-0.4293193717277487,-0.25654450261780104,-0.5916230366492147,-0.33507853403141363,-0.6858638743455497,-0.39267015706806285,-0.7801047120418848
0,0.0,0.0,0.18421052631578946,-0.07894736842105263,0.34210526315789475,-0.23157894736842105,0.46842105263157896,-0.3631578947368421,0.5894736842105263,-0.42105263157894735,0.23157894736842105,-0.4631578947368421,0.24210526315789474,-0.7157894736842105,0.24210526315789474,-0.8789473684210526,0.24210526315789474,-1.0,0.11052631578947368,-0.4842105263157895,0.005263157894736842,-0.5947368421052631,-0.010526315789473684,-0.48947368421052634,0.021052631578947368,-0.42105263157894735,-0.021052631578947368,-0.45789473684210524,-0.12105263157894737,-0.5894736842105263,-0.12105263157894737,-0.5,-0.08421052631578947,-0.41578947368421054,-0.15789473684210525,-0.42105263157894735,-0.25263157894736843,-0.5894736842105263,-0.33157894736842103,-0.6894736842105263,-0.3894736842105263,-0.7789473684210526
0,0.0,0.0,0.18181818181818182,-0.09090909090909091,0.32085561497326204,-0.25133689839572193,0.4385026737967914,-0.39572192513368987,0.5614973262032086,-0.45454545454545453,0.20855614973262032,-0.4919786096256685,0.20320855614973263,-0.732620320855615,0.18716577540106952,-0.8877005347593583,0.1711229946524064,-1.0,0.08021390374331551,-0.5080213903743316,-0.026737967914438502,-0.5721925133689839,-0.03208556149732621,-0.46524064171123,0.0,-0.40106951871657753,-0.0481283422459893,-0.47593582887700536,-0.1497326203208556,-0.5561497326203209,-0.13903743315508021,-0.47058823529411764,-0.0962566844919786,-0.39572192513368987,-0.18181818181818182,-0.42780748663101603,-0.28342245989304815,-0.5828877005347594,-0.36363636363636365,-0.6737967914438503,-0.42245989304812837,-0.7647058823529411
0,0.0,0.0,0.17391304347826086,-0.09239130434782608,0.30978260869565216,-0.2554347826086957,0.41847826086956524,-0.391304347826087,0.5271739130434783,-0.4673913043478261,0.16847826086956522,-0.5,0.15760869565217392,-0.7336956521739131,0.14130434782608695,-0.8858695652173914,0.125,-1.0,0.04891304347826087,-0.5108695652173914,-0.059782608695652176,-0.5652173913043478,-0.06521739130434782,-0.4673913043478261,-0.03260869565217391,-0.4076086956521739,-0.08152173913043478,-0.47282608695652173,-0.19021739130434784,-0.5489130434782609,-0.18478260869565216,-0.4673913043478261,-0.14130434782608695,-0.3967391304347826,-0.20652173913043478,-0.41847826086956524,-0.32608695652173914,-0.5706521739130435,-0.4076086956521739,-0.657608695652174,-0.4673913043478261,-0.75
0,0.0,0.0,0.17857142857142858,-0.07653061224489796,0.32142857142857145,-0.23469387755102042,0.44387755102040816,-0.37755102040816324,0.5714285714285714,-0.44387755102040816,0.22448979591836735,-0.4846938775510204,0.22448979591836735,-0.7244897959183674,0.21428571428571427,-0.8826530612244898,0.20408163265306123,-1.0,0.10204081632653061,-0.5051020408163265,-0.01020408163265306,-0.5816326530612245,-0.02040816326530612,-0.4744897959183674,0.015306122448979591,-0.41836734693877553,-0.030612244897959183,-0.47959183673469385,-0.1377551020408163,-0.5714285714285714,-0.1326530612244898,-0.4897959183673469,-0.08673469387755102,-0.413265306122449,-0.16326530612244897,-0.4387755102040816,-0.2602040816326531,-0.6071428571428571,-0.3469387755102041,-0.7040816326530612,-0.3979591836734694,-0.7908163265306123
0,0.0,0.0,0.18316831683168316,-0.08415841584158416,0.3564356435643564,-0.22772277227722773,0.4900990099009901,-0.35148514851485146,0.6237623762376238,-0.39603960396039606,0.26732673267326734,-0.4405940594059406,0.29207920792079206,-0.7079207920792079,0.3069306930693069,-0.8712871287128713,0.3118811881188119,-1.0,0.13861386138613863,-0.46534653465346537,0.0594059405940594,-0.6138613861386139,0.034653465346534656,-0.5,0.04950495049504951,-0.4306930693069307,0.0049504950495049506,-0.45544554455445546,-0.06930693069306931,-0.6138613861386139,-0.07425742574257425,-0.5198019801980198,-0.04950495049504951,-0.42574257425742573,-0.13366336633663367,-0.4306930693069307,-0.2079207920792079,-0.6188118811881188,-0.28217821782178215,-0.7178217821782178,-0.3316831683168317,-0.8118811881188119
0,0.0,0.0,0.19170984455958548,-0.07253886010362694,0.35751295336787564,-0.21761658031088082,0.49222797927461137,-0.3316062176165803,0.616580310880829,-0.37305699481865284,0.2694300518134715,-0.45595854922279794,0.3160621761658031,-0.7150259067357513,0.33678756476683935,-0.8756476683937824,0.35233160621761656,-1.0,0.15025906735751296,-0.48704663212435234,0.06217616580310881,-0.6062176165803109,0.04145077720207254,-0.5077720207253886,0.05699481865284974,-0.44041450777202074,0.02072538860103627,-0.47668393782383417,-0.06217616580310881,-0.6217616580310881,-0.07253886010362694,-0.533678756476684,-0.05181347150259067,-0.44559585492227977,-0.10880829015544041,-0.45077720207253885,-0.19170984455958548,-0.6269430051813472,-0.25906735751295334,-0.7357512953367875,-0.3005181347150259,-0.8393782383419689
0,0.0,0.0,0.1978021978021978,-0.06043956043956044,0.38461538461538464,-0.19230769230769232,0.532967032967033,-0.3021978021978022,0.6538461538461539,-0.3516483516483517,0.3241758241758242,-0.46703296703296704,0.37362637362637363,-0.7142857142857143,0.3901098901098901,-0.8791208791208791,0.4065934065934066,-1.0,0.2087912087912088,-0.5,0.07692307692307693,-0.6208791208791209,0.03296703296703297,-0.521978021978022,0.06593406593406594,-0.45054945054945056,0.07142857142857142,-0.489010989010989,-0.054945054945054944,-0.6208791208791209,-0.06593406593406594,-0.532967032967033,-0.027472527472527472,-0.45054945054945056,-0.07692307692307693,-0.46703296703296704,-0.15384615384615385,-0.6538461538461539,-0.22527472527472528,-0.7692307692307693,-0.25824175824175827,-0.8791208791208791
0,0.0,0.0,0.2,-0.07027027027027027,0.372972972972973,-0.21081081081081082,0.5081081081081081,-0.33513513513513515,0.6324324324324324,-0.4,0.2918918918918919,-0.4918918918918919,0.32972972972972975,-0.7297297297297297,0.35135135135135137,-0.8810810810810811,0.3621621621621622,-1.0,0.1891891891891892,-0.518918918918919,0.04864864864864865,-0.6216216216216216,0.010810810810810811,-0.518918918918919,0.043243243243243246,-0.4486486486486487,0.05945945945945946,-0.5027027027027027,-0.07567567567567568,-0.6162162162162163,-0.0918918918918919,-0.5351351351351351,-0.05945945945945946,-0.4540540540540541,-0.08108108108108109,-0.4648648648648649,-0.1837837837837838,-0.6486486486486487,-0.25405405405405407,-0.7675675675675676,-0.2918918918918919,-0.8756756756756757
0,0.0,0.0,0.17676767676767677,-0.08080808080808081,0.3383838383838384,-0.23737373737373738,0.4696969696969697,-0.3686868686868687,0.6111111111111112,-0.41919191919191917,0.25252525252525254,-0.48484848484848486,0.2727272727272727,-0.7222222222222222,0.2828282828282828,-0.8787878787878788,0.2878787878787879,-1.0,0.1414141414141414,-0.51010101010101,0.020202020202020204,-0.5909090909090909,0.0,-0.4898989898989899,0.03535353535353535,-0.42424242424242425,0.010101010101010102,-0.48484848484848486,-0.11616161616161616,-0.5858585858585859,-0.11616161616161616,-0.494949494949495,-0.07575757575757576,-0.41414141414141414,-0.12626262626262627,-0.4494949494949495,-0.22727272727272727,-0.6262626262626263,-0.30303030303030304,-0.7323232323232324,-0.35353535353535354,-0.8383838383838383
0,0.0,0.0,0.1761904761904762,-0.08571428571428572,0.32857142857142857,-0.24761904761904763,0.44761904761904764,-0.38571428571428573,0.5714285714285714,-0.45714285714285713,0.20952380952380953,-0.4714285714285714,0.22380952380952382,-0.7238095238095238,0.22380952380952382,-0.8809523809523809,0.21904761904761905,-1.0,0.08571428571428572,-0.49047619047619045,0.004761904761904762,-0.5857142857142857,-0.004761904761904762,-0.48095238095238096,0.01904761904761905,-0.4142857142857143,-0.04285714285714286,-0.4666666666666667,-0.12857142857142856,-0.5714285714285714,-0.12380952380952381,-0.48095238095238096,-0.08571428571428572,-0.4,-0.1761904761904762,-0.4238095238095238,-0.2714285714285714,-0.5904761904761905,-0.3523809523809524,-0.6857142857142857,-0.4095238095238095,-0.7761904761904762
0,0.0,0.0,0.1935483870967742,-0.08755760368663594,0.3456221198156682,-0.2350230414746544,0.46543778801843316,-0.3824884792626728,0.5898617511520737,-0.45622119815668205,0.2119815668202765,-0.4608294930875576,0.2350230414746544,-0.7142857142857143,0.2304147465437788,-0.8755760368663594,0.22580645161290322,-1.0,0.06912442396313365,-0.48847926267281105,0.03225806451612903,-0.576036866359447,0.03225806451612903,-0.47465437788018433,0.041474654377880185,-0.4055299539170507,-0.06451612903225806,-0.46543778801843316,-0.10138248847926268,-0.576036866359447,-0.08294930875576037,-0.48847926267281105,-0.055299539170506916,-0.4009216589861751,-0.18433179723502305,-0.423963133640553,-0.28110599078341014,-0.5898617511520737,-0.3548387096774194,-0.6820276497695853,-0.4147465437788018,-0.7649769585253456
0,0.0,0.0,0.19555555555555557,-0.09333333333333334,0.3377777777777778,-0.25333333333333335,0.4577777777777778,-0.38666666666666666,0.5777777777777777,-0.4533333333333333,0.2088888888888889,-0.4622222222222222,0.2311111111111111,-0.7244444444444444,0.23555555555555555,-0.88,0.2311111111111111,-1.0,0.06666666666666667,-0.4888888888888889,0.022222222222222223,-0.5911111111111111,0.017777777777777778,-0.49333333333333335,0.035555555555555556,-0.4222222222222222,-0.07111111111111111,-0.4666666666666667,-0.10222222222222223,-0.5911111111111111,-0.08888888888888889,-0.5155555555555555,-0.06222222222222222,-0.44,-0.18666666666666668,-0.4266666666666667,-0.28,-0.6,-0.3511111111111111,-0.6888888888888889,-0.4088888888888889,-0.7688888888888888
0,0.0,0.0,0.19480519480519481,-0.09090909090909091,0.354978354978355,-0.24242424242424243,0.4805194805194805,-0.36796536796536794,0.6103896103896104,-0.4155844155844156,0.24242424242424243,-0.4329004329004329,0.2727272727272727,-0.7012987012987013,0.2813852813852814,-0.8701298701298701,0.2813852813852814,-1.0,0.09523809523809523,-0.46320346320346323,0.05194805194805195,-0.6233766233766234,0.047619047619047616,-0.5281385281385281,0.06060606060606061,-0.45021645021645024,-0.03896103896103896,-0.45021645021645024,-0.06926406926406926,-0.6190476190476191,-0.06493506493506493,-0.5367965367965368,-0.047619047619047616,-0.4458874458874459,-0.16017316017316016,-0.4199134199134199,-0.24242424242424243,-0.6060606060606061,-0.31601731601731603,-0.7056277056277056,-0.3722943722943723,-0.7965367965367965
0,0.0,0.0,0.18376068376068377,-0.0811965811965812,0.358974358974359,-0.23931623931623933,0.49572649572649574,-0.36324786324786323,0.6367521367521367,-0.3974358974358974,0.2564102564102564,-0.43162393162393164,0.2905982905982906,-0.7094017094017094,0.3034188034188034,-0.8760683760683761,0.31196581196581197,-1.0,0.11965811965811966,-0.45726495726495725,0.042735042735042736,-0.6239316239316239,0.021367521367521368,-0.5170940170940171,0.038461538461538464,-0.44017094017094016,-0.01282051282051282,-0.4444444444444444,-0.07692307692307693,-0.6324786324786325,-0.08974358974358974,-0.5384615384615384,-0.06837606837606838,-0.4358974358974359,-0.1452991452991453,-0.4188034188034188,-0.23076923076923078,-0.6025641025641025,-0.3034188034188034,-0.7094017094017094,-0.3547008547008547,-0.8034188034188035
0,0.0,0.0,0.1834625322997416,-0.11627906976744186,0.31007751937984496,-0.2739018087855297,0.4289405684754522,-0.40568475452196384,0.5478036175710594,-0.4728682170542636,0.18087855297157623,-0.4134366925064599,0.1937984496124031,-0.7028423772609819,0.18863049095607234,-0.8733850129198967,0.16795865633074936,-1.0,0.031007751937984496,-0.42377260981912146,0.015503875968992248,-0.6175710594315246,0.03617571059431524,-0.5219638242894057,0.046511627906976744,-0.4392764857881137,-0.09560723514211886,-0.4005167958656331,-0.11369509043927649,-0.5968992248062015,-0.07493540051679587,-0.5219638242894057,-0.05167958656330749,-0.43410852713178294,-0.2041343669250646,-0.37209302325581395,-0.3178294573643411,-0.5426356589147286,-0.39018087855297157,-0.6149870801033591,-0.4599483204134367,-0.6847545219638242
0,0.0,0.0,0.1802030456852792,-0.1218274111675127,0.3147208121827411,-0.27918781725888325,0.43908629441624364,-0.4035532994923858,0.565989847715736,-0.46954314720812185,0.18274111675126903,-0.41624365482233505,0.18527918781725888,-0.7055837563451777,0.17766497461928935,-0.8730964467005076,0.1548223350253807,-1.0,0.030456852791878174,-0.4213197969543147,0.0025380710659898475,-0.616751269035533,0.030456852791878174,-0.5228426395939086,0.04568527918781726,-0.4365482233502538,-0.10152284263959391,-0.3934010152284264,-0.12436548223350254,-0.5964467005076142,-0.08629441624365482,-0.5126903553299492,-0.06345177664974619,-0.4213197969543147,-0.21065989847715735,-0.3604060913705584,-0.3223350253807107,-0.5355329949238579,-0.39847715736040606,-0.6091370558375635,-0.4746192893401015,-0.682741116751269
0,0.0,0.0,0.1775,-0.115,0.3175,-0.2675,0.4475,-0.3925,0.5775,-0.4575,0.185,-0.3975,0.2,-0.6975,0.19,-0.87,0.17,-1.0,0.0325,-0.4075,0.0125,-0.61,0.0325,-0.515,0.05,-0.4275,-0.0975,-0.3825,-0.1175,-0.5975,-0.08,-0.52,-0.055,-0.4275,-0.2075,-0.355,-0.3225,-0.53,-0.4,-0.6075,-0.475,-0.68
0,0.0,0.0,0.17560975609756097,-0.11463414634146342,0.3170731707317073,-0.2682926829268293,0.44634146341463415,-0.3902439024390244,0.5804878048780487,-0.45365853658536587,0.18536585365853658,-0.3902439024390244,0.1926829268292683,-0.6951219512195121,0.18292682926829268,-0.8682926829268293,0.16341463414634147,-1.0,0.03414634146341464,-0.3951219512195122,0.0,-0.6024390243902439,0.02195121951219512,-0.5048780487804878,0.04390243902439024,-0.4170731707317073,-0.1,-0.37073170731707317,-0.12926829268292683,-0.5878048780487805,-0.0975609756097561,-0.5073170731707317,-0.07073170731707316,-0.4146341463414634,-0.2146341463414634,-0.34146341463414637,-0.32926829268292684,-0.5195121951219512,-0.4073170731707317,-0.6,-0.48048780487804876,-0.6731707317073171
0,0.0,0.0,0.1721698113207547,-0.11320754716981132,0.3160377358490566,-0.2641509433962264,0.45047169811320753,-0.3891509433962264,0.5849056603773585,-0.45754716981132076,0.19103773584905662,-0.3867924528301887,0.19339622641509435,-0.6910377358490566,0.18160377358490565,-0.8655660377358491,0.1650943396226415,-1.0,0.04009433962264151,-0.3915094339622642,0.0047169811320754715,-0.6014150943396226,0.018867924528301886,-0.5,0.03773584905660377,-0.4080188679245283,-0.09198113207547169,-0.36792452830188677,-0.12735849056603774,-0.5825471698113207,-0.09669811320754718,-0.5023584905660378,-0.07075471698113207,-0.4056603773584906,-0.20754716981132076,-0.3443396226415094,-0.32547169811320753,-0.5141509433962265,-0.4080188679245283,-0.5919811320754716,-0.4811320754716981,-0.6627358490566038
0,0.0,0.0,0.16831683168316833,-0.1188118811881188,0.30445544554455445,-0.28217821782178215,0.4306930693069307,-0.41089108910891087,0.551980198019802,-0.4801980198019802,0.17326732673267325,-0.400990099009901,0.17326732673267325,-0.7004950495049505,0.1608910891089109,-0.8688118811881188,0.14108910891089108,-1.0,0.027227722772277228,-0.40594059405940597,-0.0024752475247524753,-0.6039603960396039,0.01485148514851485,-0.5123762376237624,0.027227722772277228,-0.4306930693069307,-0.10396039603960396,-0.38366336633663367,-0.12871287128712872,-0.5915841584158416,-0.09900990099009901,-0.5148514851485149,-0.07178217821782178,-0.42574257425742573,-0.21287128712871287,-0.3564356435643564,-0.32673267326732675,-0.5247524752475248,-0.4034653465346535,-0.599009900990099,-0.4752475247524752,-0.6683168316831684
0,0.0,0.0,0.1778975741239892,-0.11590296495956873,0.31266846361185985,-0.2776280323450135,0.4393530997304582,-0.40700808625336926,0.568733153638814,-0.4716981132075472,0.18328840970350405,-0.41778975741239893,0.19137466307277629,-0.7035040431266847,0.18328840970350405,-0.8706199460916442,0.16711590296495957,-1.0,0.03773584905660377,-0.431266846361186,0.018867924528301886,-0.6118598382749326,0.03504043126684636,-0.5202156334231806,0.04851752021563342,-0.4420485175202156,-0.0889487870619946,-0.40970350404312667,-0.10512129380053908,-0.601078167115903,-0.07008086253369272,-0.522911051212938,-0.04851752021563342,-0.4366576819407008,-0.19946091644204852,-0.38274932614555257,-0.30997304582210244,-0.5498652291105122,-0.38544474393531,-0.628032345013477,-0.4582210242587601,-0.706199460916442
0,0.0,0.0,0.1804733727810651,-0.11242603550295859,0.3076923076923077,-0.2781065088757396,0.4230769230769231,-0.4171597633136095,0.5502958579881657,-0.47337278106508873,0.17751479289940827,-0.4289940828402367,0.1804733727810651,-0.7071005917159763,0.17455621301775148,-0.8727810650887574,0.15384615384615385,-1.0,0.029585798816568046,-0.4408284023668639,0.0029585798816568047,-0.6183431952662722,0.020710059171597635,-0.5177514792899408,0.026627218934911243,-0.4349112426035503,-0.09763313609467456,-0.4171597633136095,-0.12721893491124261,-0.6005917159763313,-0.09467455621301775,-0.5177514792899408,-0.07396449704142012,-0.4230769230769231,-0.21005917159763313,-0.3816568047337278,-0.3224852071005917,-0.5562130177514792,-0.3994082840236686,-0.6331360946745562,-0.46745562130177515,-0.7100591715976331
0,0.0,0.0,0.17846153846153845,-0.12,0.3046153846153846,-0.28615384615384615,0.4246153846153846,-0.41846153846153844,0.5446153846153846,-0.48307692307692307,0.1753846153846154,-0.4276923076923077,0.1753846153846154,-0.7107692307692308,0.16307692307692306,-0.8738461538461538,0.13846153846153847,-1.0,0.027692307692307693,-0.4369230769230769,0.003076923076923077,-0.6184615384615385,0.021538461538461538,-0.5230769230769231,0.033846153846153845,-0.4430769230769231,-0.10153846153846154,-0.4123076923076923,-0.12307692307692308,-0.6030769230769231,-0.08615384615384615,-0.5230769230769231,-0.06461538461538462,-0.4338461538461538,-0.2123076923076923,-0.37846153846153846,-0.3230769230769231,-0.5476923076923077,-0.39692307692307693,-0.6246153846153846,-0.4707692307692308,-0.6984615384615385
0,0.0,0.0,0.17465753424657535,-0.11986301369863013,0.2979452054794521,-0.2876712328767123,0.410958904109589,-0.4315068493150685,0.5273972602739726,-0.5136986301369864,0.16095890410958905,-0.4452054794520548,0.16095890410958905,-0.7191780821917808,0.1506849315068493,-0.8801369863013698,0.13013698630136986,-1.0,0.02054794520547945,-0.4554794520547945,-0.0136986301369863,-0.6164383561643836,0.0,-0.5205479452054794,0.010273972602739725,-0.4417808219178082,-0.10273972602739725,-0.4315068493150685,-0.136986301369863,-0.6027397260273972,-0.10273972602739725,-0.523972602739726,-0.07534246575342465,-0.4349315068493151,-0.2089041095890411,-0.3938356164383562,-0.3253424657534247,-0.5582191780821918,-0.4041095890410959,-0.636986301369863,-0.4794520547945205,-0.7123287671232876
0,0.0,0.0,0.1932367149758454,-0.08695652173913043,0.34782608695652173,-0.2318840579710145,0.4830917874396135,-0.36231884057971014,0.6086956521739131,-0.42995169082125606,0.2463768115942029,-0.46859903381642515,0.27053140096618356,-0.7198067632850241,0.26570048309178745,-0.8792270531400966,0.2560386473429952,-1.0,0.10628019323671498,-0.4975845410628019,0.04830917874396135,-0.6086956521739131,0.03864734299516908,-0.5024154589371981,0.06280193236714976,-0.42995169082125606,-0.028985507246376812,-0.4782608695652174,-0.07729468599033816,-0.6183574879227053,-0.07729468599033816,-0.5265700483091788,-0.04830917874396135,-0.43478260869565216,-0.15942028985507245,-0.4396135265700483,-0.2463768115942029,-0.6183574879227053,-0.3140096618357488,-0.7198067632850241,-0.3671497584541063,-0.8067632850241546
0,0.0,0.0,0.19704433497536947,-0.08374384236453201,0.37438423645320196,-0.23645320197044334,0.5024630541871922,-0.3645320197044335,0.6403940886699507,-0.4088669950738916,0.27586206896551724,-0.46798029556650245,0.3054187192118227,-0.7192118226600985,0.3103448275862069,-0.8817733990147784,0.31527093596059114,-1.0,0.13793103448275862,-0.4975369458128079,0.06896551724137931,-0.6059113300492611,0.04926108374384237,-0.5123152709359606,0.06896551724137931,-0.43842364532019706,0.0,-0.4876847290640394,-0.06403940886699508,-0.6206896551724138,-0.07389162561576355,-0.5320197044334976,-0.04926108374384237,-0.4433497536945813,-0.13793103448275862,-0.458128078817734,-0.21674876847290642,-0.6354679802955665,-0.2857142857142857,-0.7438423645320197,-0.33497536945812806,-0.8472906403940886
0,0.0,0.0,0.20707070707070707,-0.07575757575757576,0.3939393939393939,-0.21212121212121213,0.5303030303030303,-0.3333333333333333,0.6565656565656566,-0.3939393939393939,0.30808080808080807,-0.4696969696969697,0.3333333333333333,-0.7222222222222222,0.3383838383838384,-0.8838383838383839,0.3383838383838384,-1.0,0.1717171717171717,-0.5,0.07575757575757576,-0.6262626262626263,0.04040404040404041,-0.5202020202020202,0.06565656565656566,-0.4494949494949495,0.030303030303030304,-0.4898989898989899,-0.06565656565656566,-0.6262626262626263,-0.08585858585858586,-0.5404040404040404,-0.05555555555555555,-0.45454545454545453,-0.11616161616161616,-0.4595959595959596,-0.19696969696969696,-0.6515151515151515,-0.2676767676767677,-0.7626262626262627,-0.31313131313131315,-0.8636363636363636
0,0.0,0.0,0.18018018018018017,-0.09009009009009009,0.34684684684684686,-0.24324324324324326,0.47297297297297297,-0.3783783783783784,0.5855855855855856,-0.45495495495495497,0.22972972972972974,-0.46846846846846846,0.24774774774774774,-0.7207207207207207,0.24774774774774774,-0.8783783783783784,0.24774774774774774,-1.0,0.0945945945945946,-0.49099099099099097,0.018018018018018018,-0.6036036036036037,0.0,-0.4954954954954955,0.018018018018018018,-0.42342342342342343,-0.04054054054054054,-0.47297297297297297,-0.11711711711711711,-0.5990990990990991,-0.12162162162162163,-0.509009009009009,-0.08558558558558559,-0.4189189189189189,-0.17567567567567569,-0.4369369369369369,-0.26576576576576577,-0.6171171171171171,-0.34234234234234234,-0.7162162162162162,-0.3963963963963964,-0.8108108108108109
0,0.0,0.0,0.18181818181818182,-0.09956709956709957,0.33766233766233766,-0.26406926406926406,0.4588744588744589,-0.4069264069264069,0.5844155844155844,-0.47186147186147187,0.21212121212121213,-0.4675324675324675,0.22510822510822512,-0.7229437229437229,0.22077922077922077,-0.8831168831168831,0.21212121212121213,-1.0,0.06493506493506493,-0.48917748917748916,0.012987012987012988,-0.5887445887445888,0.008658008658008658,-0.4935064935064935,0.025974025974025976,-0.42424242424242425,-0.06926406926406926,-0.4675324675324675,-0.11688311688311688,-0.5974025974025974,-0.1038961038961039,-0.5108225108225108,-0.0735930735930736,-0.42424242424242425,-0.19047619047619047,-0.4329004329004329,-0.2857142857142857,-0.5974025974025974,-0.3593073593073593,-0.6926406926406926,-0.4199134199134199,-0.7835497835497836
1,0.0,0.0,0.1703056768558952,-0.13100436681222707,0.3056768558951965,-0.2925764192139738,0.4366812227074236,-0.39737991266375544,0.5458515283842795,-0.44541484716157204,0.17903930131004367,-0.4847161572052402,0.22270742358078602,-0.7379912663755459,0.2445414847161572,-0.8864628820960698,0.26200873362445415,-1.0,0.05240174672489083,-0.48034934497816595,-0.07860262008733625,-0.7205240174672489,-0.17467248908296942,-0.8558951965065502,-0.25327510917030566,-0.9563318777292577,-0.06550218340611354,-0.4279475982532751,-0.1572052401746725,-0.49344978165938863,-0.11353711790393013,-0.4148471615720524,-0.06986899563318777,-0.3406113537117904,-0.1703056768558952,-0.3624454148471616,-0.2052401746724891,-0.388646288209607,-0.17467248908296942,-0.3231441048034934,-0.13537117903930132,-0.26200873362445415
1,0.0,0.0,0.17117117117117117,-0.12612612612612611,0.3153153153153153,-0.28378378378378377,0.45045045045045046,-0.38738738738738737,0.5675675675675675,-0.42792792792792794,0.18468468468468469,-0.481981981981982,0.23873873873873874,-0.7387387387387387,0.2702702702702703,-0.8873873873873874,0.2927927927927928,-1.0,0.06306306306306306,-0.4864864864864865,-0.06756756756756757,-0.7252252252252253,-0.15765765765765766,-0.8648648648648649,-0.22972972972972974,-0.9684684684684685,-0.05855855855855856,-0.4369369369369369,-0.14864864864864866,-0.5,-0.10810810810810811,-0.4189189189189189,-0.06756756756756757,-0.34684684684684686,-0.16216216216216217,-0.3783783783783784,-0.20270270270270271,-0.4009009009009009,-0.17117117117117117,-0.32882882882882886,-0.13063063063063063,-0.2702702702702703
1,0.0,0.0,0.1743119266055046,-0.11926605504587157,0.3211009174311927,-0.28440366972477066,0.45871559633027525,-0.38990825688073394,0.573394495412844,-0.43119266055045874,0.19724770642201836,-0.481651376146789,0.25229357798165136,-0.7385321100917431,0.2889908256880734,-0.8853211009174312,0.3119266055045872,-1.0,0.07339449541284404,-0.48623853211009177,-0.05504587155963303,-0.7293577981651376,-0.14220183486238533,-0.8715596330275229,-0.21559633027522937,-0.9770642201834863,-0.045871559633027525,-0.44036697247706424,-0.13761467889908258,-0.4954128440366973,-0.0963302752293578,-0.41743119266055045,-0.05963302752293578,-0.3440366972477064,-0.1559633027522936,-0.38073394495412843,-0.19724770642201836,-0.3944954128440367,-0.16055045871559634,-0.3256880733944954,-0.12385321100917432,-0.2706422018348624
1,0.0,0.0,0.1689497716894977,-0.1232876712328767,0.319634703196347,-0.2922374429223744,0.4520547945205479,-0.3972602739726027,0.5662100456621004,-0.4337899543378995,0.1917808219178082,-0.4885844748858447,0.2465753424657534,-0.7397260273972602,0.2876712328767123,-0.8858447488584474,0.3150684931506849,-1.0,0.0684931506849315,-0.4885844748858447,-0.0547945205479452,-0.7351598173515982,-0.1415525114155251,-0.8767123287671232,-0.2146118721461187,-0.9817351598173516,-0.0502283105022831,-0.4429223744292237,-0.136986301369863,-0.502283105022831,-0.1004566210045662,-0.4200913242009132,-0.0593607305936073,-0.3470319634703196,-0.1552511415525114,-0.3835616438356164,-0.1963470319634703,-0.4018264840182648,-0.1643835616438356,-0.3378995433789954,-0.1278538812785388,-0.2785388127853881
1,0.0,0.0,0.16216216216216217,-0.11711711711711711,0.3108108108108108,-0.28378378378378377,0.44594594594594594,-0.3963963963963964,0.5540540540540541,-0.4369369369369369,0.19369369369369369,-0.4774774774774775,0.24774774774774774,-0.7342342342342343,0.2882882882882883,-0.8828828828828829,0.31981981981981983,-1.0,0.07207207207207207,-0.481981981981982,-0.06306306306306306,-0.7252252252252253,-0.14864864864864866,-0.8693693693693694,-0.22522522522522523,-0.9774774774774775,-0.04504504504504504,-0.4369369369369369,-0.14414414414414414,-0.4864864864864865,-0.10810810810810811,-0.4099099099099099,-0.07207207207207207,-0.33783783783783783,-0.15315315315315314,-0.38288288288288286,-0.1981981981981982,-0.3918918918918919,-0.16666666666666666,-0.31981981981981983,-0.13063063063063063,-0.26126126126126126
1,0.0,0.0,0.17972350230414746,-0.11981566820276497,0.3225806451612903,-0.29493087557603687,0.4608294930875576,-0.4009216589861751,0.5898617511520737,-0.4470046082949309,0.22580645161290322,-0.4930875576036866,0.29493087557603687,-0.7419354838709677,0.3456221198156682,-0.8894009216589862,0.3778801843317972,-1.0,0.10138248847926268,-0.4976958525345622,-0.018433179723502304,-0.7419354838709677,-0.10138248847926268,-0.8847926267281107,-0.16589861751152074,-0.9907834101382489,-0.02304147465437788,-0.45161290322580644,-0.1152073732718894,-0.511520737327189,-0.08294930875576037,-0.43317972350230416,-0.041474654377880185,-0.3640552995391705,-0.1382488479262673,-0.39631336405529954,-0.17050691244239632,-0.42857142857142855,-0.14285714285714285,-0.35944700460829493,-0.10599078341013825,-0.2995391705069124
1,0.0,0.0,0.19444444444444445,-0.12037037037037036,0.35185185185185186,-0.27314814814814814,0.4722222222222222,-0.38425925925925924,0.5879629629629629,-0.42592592592592593,0.24537037037037038,-0.4861111111111111,0.3101851851851852,-0.7314814814814815,0.3611111111111111,-0.8657407407407407,0.4027777777777778,-0.9722222222222222,0.125,-0.49074074074074076,-0.018518518518518517,-0.7361111111111112,-0.08333333333333333,-0.8842592592592593,-0.13425925925925927,-1.0,0.004629629629629629,-0.44907407407407407,-0.125,-0.5324074074074074,-0.09259259259259259,-0.4583333333333333,-0.05555555555555555,-0.38425925925925924,-0.10648148148148148,-0.3888888888888889,-0.17592592592592593,-0.4351851851851852,-0.1527777777777778,-0.36574074074074076,-0.1111111111111111,-0.3055555555555556
1,0.0,0.0,0.19282511210762332,-0.11659192825112108,0.3452914798206278,-0.26905829596412556,0.4663677130044843,-0.37668161434977576,0.5874439461883408,-0.4170403587443946,0.2825112107623318,-0.4618834080717489,0.34080717488789236,-0.7040358744394619,0.3901345291479821,-0.8475336322869955,0.4260089686098655,-0.9551569506726457,0.17040358744394618,-0.47085201793721976,0.03139013452914798,-0.7219730941704036,-0.053811659192825115,-0.874439461883408,-0.11210762331838565,-1.0,0.04484304932735426,-0.4349775784753363,-0.08968609865470852,-0.5695067264573991,-0.06726457399103139,-0.4977578475336323,-0.03587443946188341,-0.4260089686098655,-0.07174887892376682,-0.38565022421524664,-0.15246636771300448,-0.47533632286995514,-0.13004484304932734,-0.4125560538116592,-0.09417040358744394,-0.35874439461883406
1,0.0,0.0,0.16666666666666666,-0.10256410256410256,0.32905982905982906,-0.2606837606837607,0.45726495726495725,-0.37606837606837606,0.5854700854700855,-0.41025641025641024,0.2905982905982906,-0.44871794871794873,0.3717948717948718,-0.7051282051282052,0.4230769230769231,-0.8461538461538461,0.4658119658119658,-0.9658119658119658,0.20085470085470086,-0.47863247863247865,0.07264957264957266,-0.7222222222222222,-0.01282051282051282,-0.8717948717948718,-0.07264957264957266,-1.0,0.0811965811965812,-0.4658119658119658,-0.09401709401709402,-0.5641025641025641,-0.10256410256410256,-0.47435897435897434,-0.0811965811965812,-0.39316239316239315,-0.042735042735042736,-0.4358974358974359,-0.17094017094017094,-0.47863247863247865,-0.1623931623931624,-0.3974358974358974,-0.12393162393162394,-0.32905982905982906
1,0.0,0.0,0.16194331983805668,-0.10931174089068826,0.32388663967611336,-0.2631578947368421,0.4534412955465587,-0.3765182186234818,0.582995951417004,-0.41295546558704455,0.2874493927125506,-0.43724696356275305,0.3643724696356275,-0.6923076923076923,0.41700404858299595,-0.8380566801619433,0.46153846153846156,-0.9554655870445344,0.19433198380566802,-0.46153846153846156,0.0728744939271255,-0.7165991902834008,-0.016194331983805668,-0.8704453441295547,-0.08097165991902834,-1.0,0.07692307692307693,-0.4493927125506073,-0.10931174089068826,-0.5708502024291497,-0.1214574898785425,-0.4817813765182186,-0.10121457489878542,-0.39271255060728744,-0.05263157894736842,-0.42105263157894735,-0.19433198380566802,-0.47368421052631576,-0.19838056680161945,-0.3967611336032389,-0.16194331983805668,-0.32793522267206476
1,0.0,0.0,0.1660377358490566,-0.1320754716981132,0.2943396226415094,-0.32075471698113206,0.41132075471698115,-0.4339622641509434,0.5358490566037736,-0.4679245283018868,0.20754716981132076,-0.4867924528301887,0.2679245283018868,-0.7396226415094339,0.3169811320754717,-0.8867924528301887,0.35094339622641507,-1.0,0.08679245283018867,-0.4830188679245283,-0.03773584905660377,-0.7245283018867924,-0.1169811320754717,-0.8679245283018868,-0.18490566037735848,-0.9773584905660377,-0.03018867924528302,-0.44150943396226416,-0.1471698113207547,-0.5245283018867924,-0.10943396226415095,-0.4528301886792453,-0.07169811320754717,-0.38113207547169814,-0.14339622641509434,-0.3849056603773585,-0.2037735849056604,-0.42641509433962266,-0.16981132075471697,-0.3622641509433962,-0.12830188679245283,-0.30566037735849055
1,0.0,0.0,0.1625441696113074,-0.13074204946996468,0.2862190812720848,-0.31448763250883394,0.4028268551236749,-0.4416961130742049,0.5300353356890459,-0.4911660777385159,0.18021201413427562,-0.4664310954063604,0.2226148409893993,-0.7279151943462897,0.26148409893992935,-0.8833922261484098,0.2862190812720848,-1.0,0.06007067137809187,-0.4628975265017668,-0.07420494699646643,-0.7031802120141343,-0.16607773851590105,-0.8480565371024735,-0.24028268551236748,-0.9540636042402827,-0.05653710247349823,-0.4169611307420495,-0.1519434628975265,-0.48056537102473496,-0.11307420494699646,-0.40636042402826855,-0.0706713780918728,-0.33568904593639576,-0.1625441696113074,-0.3568904593639576,-0.2049469964664311,-0.38515901060070673,-0.1696113074204947,-0.3215547703180212,-0.13074204946996468,-0.26501766784452296
1,0.0,0.0,0.15916955017301038,-0.12802768166089964,0.27335640138408307,-0.3217993079584775,0.39100346020761245,-0.44982698961937717,0.5121107266435986,-0.5017301038062284,0.16608996539792387,-0.47058823529411764,0.2041522491349481,-0.7335640138408305,0.23875432525951557,-0.889273356401384,0.25951557093425603,-1.0,0.04498269896193772,-0.46366782006920415,-0.08650519031141868,-0.7058823529411765,-0.17993079584775087,-0.8442906574394463,-0.2560553633217993,-0.9411764705882353,-0.06920415224913495,-0.4186851211072664,-0.15570934256055363,-0.47750865051903113,-0.11072664359861592,-0.40484429065743943,-0.06920415224913495,-0.3391003460207612,-0.1695501730103806,-0.356401384083045,-0.2041522491349481,-0.3806228373702422,-0.16608996539792387,-0.31833910034602075,-0.1314878892733564,-0.2664359861591695
1,0.0,0.0,0.1485148514851485,-0.13861386138613863,0.25412541254125415,-0.3201320132013201,0.35973597359735976,-0.45874587458745875,0.46864686468646866,-0.5247524752475248,0.11221122112211221,-0.46204620462046203,0.1254125412541254,-0.7326732673267327,0.132013201320132,-0.8844884488448845,0.13861386138613863,-1.0,-0.026402640264026403,-0.44224422442244227,-0.16831683168316833,-0.6666666666666666,-0.2706270627062706,-0.7953795379537953,-0.34983498349834985,-0.8844884488448845,-0.1419141914191419,-0.38613861386138615,-0.19801980198019803,-0.4389438943894389,-0.1485148514851485,-0.37293729372937295,-0.10231023102310231,-0.30363036303630364,-0.23432343234323433,-0.31683168316831684,-0.24422442244224424,-0.33993399339933994,-0.20462046204620463,-0.27722772277227725,-0.16831683168316833,-0.22112211221122113
1,0.0,0.0,0.15359477124183007,-0.14052287581699346,0.2581699346405229,-0.3235294117647059,0.3627450980392157,-0.45751633986928103,0.4738562091503268,-0.5228758169934641,0.1111111111111111,-0.4738562091503268,0.11764705882352941,-0.7352941176470589,0.12091503267973856,-0.8856209150326797,0.12091503267973856,-1.0,-0.0196078431372549,-0.45098039215686275,-0.16993464052287582,-0.6764705882352942,-0.27450980392156865,-0.803921568627451,-0.3627450980392157,-0.8888888888888888,-0.13398692810457516,-0.3888888888888889,-0.19281045751633988,-0.4477124183006536,-0.14052287581699346,-0.38235294117647056,-0.09803921568627451,-0.3202614379084967,-0.22875816993464052,-0.31699346405228757,-0.238562091503268,-0.33986928104575165,-0.19934640522875818,-0.28104575163398693,-0.16666666666666666,-0.22875816993464052
1,0.0,0.0,0.15483870967741936,-0.14516129032258066,0.2645161290322581,-0.3225806451612903,0.3774193548387097,-0.45161290322580644,0.49032258064516127,-0.5096774193548387,0.11290322580645161,-0.47096774193548385,0.11935483870967742,-0.7387096774193549,0.11612903225806452,-0.8903225806451613,0.11290322580645161,-1.0,-0.025806451612903226,-0.45483870967741935,-0.16451612903225807,-0.6774193548387096,-0.267741935483871,-0.8064516129032258,-0.35161290322580646,-0.8870967741935484,-0.13548387096774195,-0.3935483870967742,-0.18064516129032257,-0.45161290322580644,-0.12903225806451613,-0.3903225806451613,-0.08709677419354839,-0.3258064516129032,-0.23225806451612904,-0.3225806451612903,-0.22580645161290322,-0.3387096774193548,-0.19032258064516128,-0.2806451612903226,-0.16129032258064516,-0.22903225806451613
1,0.0,0.0,0.16447368421052633,-0.14473684210526316,0.28289473684210525,-0.3223684210526316,0.39473684210526316,-0.4506578947368421,0.5131578947368421,-0.5032894736842105,0.11842105263157894,-0.4769736842105263,0.13157894736842105,-0.743421052631579,0.14144736842105263,-0.8914473684210527,0.14473684210526316,-1.0,-0.029605263157894735,-0.4605263157894737,-0.15460526315789475,-0.694078947368421,-0.25,-0.8289473684210527,-0.32894736842105265,-0.9078947368421053,-0.14802631578947367,-0.40460526315789475,-0.17434210526315788,-0.4506578947368421,-0.12171052631578948,-0.39144736842105265,-0.08552631578947369,-0.32894736842105265,-0.24342105263157895,-0.33881578947368424,-0.22039473684210525,-0.3519736842105263,-0.1875,-0.29276315789473684,-0.15789473684210525,-0.24013157894736842
1,0.0,0.0,0.17218543046357615,-0.1490066225165563,0.2913907284768212,-0.32781456953642385,0.40728476821192056,-0.45695364238410596,0.5264900662251656,-0.5033112582781457,0.12251655629139073,-0.4735099337748344,0.1423841059602649,-0.7384105960264901,0.1456953642384106,-0.890728476821192,0.1490066225165563,-1.0,-0.026490066225165563,-0.45695364238410596,-0.1490066225165563,-0.695364238410596,-0.24503311258278146,-0.8344370860927153,-0.32450331125827814,-0.9172185430463576,-0.1423841059602649,-0.40066225165562913,-0.15894039735099338,-0.48013245033112584,-0.10596026490066225,-0.423841059602649,-0.0695364238410596,-0.3576158940397351,-0.23178807947019867,-0.3344370860927152,-0.1986754966887417,-0.37748344370860926,-0.16556291390728478,-0.3211920529801324,-0.1390728476821192,-0.26490066225165565
1,0.0,0.0,0.16428571428571428,-0.14285714285714285,0.29642857142857143,-0.325,0.42142857142857143,-0.45714285714285713,0.5464285714285714,-0.5071428571428571,0.13214285714285715,-0.45357142857142857,0.15,-0.725,0.15714285714285714,-0.8821428571428571,0.15714285714285714,-1.0,-0.025,-0.42142857142857143,-0.175,-0.6821428571428572,-0.2857142857142857,-0.8321428571428572,-0.3821428571428571,-0.9321428571428572,-0.15357142857142858,-0.35714285714285715,-0.19642857142857142,-0.48928571428571427,-0.1392857142857143,-0.43214285714285716,-0.1,-0.35714285714285715,-0.2571428571428571,-0.2892857142857143,-0.23214285714285715,-0.37857142857142856,-0.19285714285714287,-0.31785714285714284,-0.16071428571428573,-0.25357142857142856
1,0.0,0.0,0.1634980988593156,-0.11406844106463879,0.311787072243346,-0.30798479087452474,0.44106463878326996,-0.44866920152091255,0.5741444866920152,-0.4866920152091255,0.1596958174904943,-0.4296577946768061,0.20152091254752852,-0.7110266159695817,0.21673003802281368,-0.8783269961977186,0.22433460076045628,-1.0,0.0076045627376425855,-0.40304182509505704,-0.1482889733840304,-0.6844106463878327,-0.2661596958174905,-0.8403041825095057,-0.3650190114068441,-0.9429657794676806,-0.12167300380228137,-0.34220532319391633,-0.20152091254752852,-0.4752851711026616,-0.1444866920152091,-0.41064638783269963,-0.09505703422053231,-0.3269961977186312,-0.22813688212927757,-0.26996197718631176,-0.2509505703422053,-0.3650190114068441,-0.20532319391634982,-0.3041825095057034,-0.17110266159695817,-0.23954372623574144
1,0.0,0.0,0.15789473684210525,-0.14661654135338345,0.2932330827067669,-0.3233082706766917,0.41729323308270677,-0.45864661654135336,0.5413533834586466,-0.5037593984962406,0.17669172932330826,-0.462406015037594,0.21804511278195488,-0.7293233082706767,0.23684210526315788,-0.8796992481203008,0.2518796992481203,-1.0,0.045112781954887216,-0.44360902255639095,-0.10526315789473684,-0.6954887218045113,-0.21804511278195488,-0.8421052631578947,-0.29699248120300753,-0.9473684210526315,-0.08270676691729323,-0.38345864661654133,-0.18045112781954886,-0.49624060150375937,-0.13157894736842105,-0.424812030075188,-0.07894736842105263,-0.34210526315789475,-0.19172932330827067,-0.31954887218045114,-0.24060150375939848,-0.39097744360902253,-0.20300751879699247,-0.3233082706766917,-0.16165413533834586,-0.2593984962406015
1,0.0,0.0,0.15789473684210525,-0.12982456140350876,0.2912280701754386,-0.3087719298245614,0.42105263157894735,-0.4421052631578947,0.543859649122807,-0.5017543859649123,0.1649122807017544,-0.45263157894736844,0.2,-0.7192982456140351,0.22807017543859648,-0.8771929824561403,0.24210526315789474,-1.0,0.02456140350877193,-0.43508771929824563,-0.11929824561403508,-0.6877192982456141,-0.22456140350877193,-0.8280701754385965,-0.3087719298245614,-0.9228070175438596,-0.10175438596491228,-0.37543859649122807,-0.17894736842105263,-0.4807017543859649,-0.12982456140350876,-0.4105263157894737,-0.08421052631578947,-0.3298245614035088,-0.20701754385964913,-0.30526315789473685,-0.23157894736842105,-0.37543859649122807,-0.19298245614035087,-0.3087719298245614,-0.1543859649122807,-0.24912280701754386
1,0.0,0.0,0.14102564102564102,-0.13782051282051283,0.25961538461538464,-0.3173076923076923,0.3782051282051282,-0.4423076923076923,0.5,-0.5032051282051282,0.13782051282051283,-0.4519230769230769,0.16987179487179488,-0.717948717948718,0.19230769230769232,-0.875,0.20512820512820512,-1.0,0.00641025641025641,-0.42628205128205127,-0.14102564102564102,-0.6730769230769231,-0.2532051282051282,-0.8141025641025641,-0.33974358974358976,-0.9102564102564102,-0.11217948717948718,-0.36217948717948717,-0.19230769230769232,-0.46474358974358976,-0.14423076923076922,-0.38782051282051283,-0.09615384615384616,-0.3108974358974359,-0.21153846153846154,-0.28846153846153844,-0.24358974358974358,-0.3557692307692308,-0.20512820512820512,-0.28846153846153844,-0.16346153846153846,-0.22756410256410256
1,0.0,0.0,0.15542521994134897,-0.1378299120234604,0.28152492668621704,-0.3225806451612903,0.4046920821114369,-0.4574780058651026,0.5249266862170088,-0.5219941348973607,0.1466275659824047,-0.44574780058651026,0.17595307917888564,-0.7243401759530792,0.1935483870967742,-0.8826979472140762,0.20234604105571846,-1.0,0.011730205278592375,-0.41935483870967744,-0.1348973607038123,-0.6774193548387096,-0.24633431085043989,-0.8152492668621701,-0.33724340175953077,-0.9149560117302052,-0.10850439882697947,-0.36070381231671556,-0.18475073313782991,-0.4780058651026393,-0.13196480938416422,-0.41055718475073316,-0.08504398826979472,-0.3343108504398827,-0.20234604105571846,-0.2932551319648094,-0.22287390029325513,-0.36363636363636365,-0.187683284457478,-0.30498533724340177,-0.15542521994134897,-0.25219941348973607
1,0.0,0.0,0.15633423180592992,-0.1320754716981132,0.2749326145552561,-0.31805929919137466,0.39622641509433965,-0.4474393530997305,0.522911051212938,-0.5094339622641509,0.14016172506738545,-0.4339622641509434,0.16442048517520216,-0.7196765498652291,0.18328840970350405,-0.8787061994609164,0.1967654986522911,-1.0,0.005390835579514825,-0.40431266846361186,-0.15363881401617252,-0.6684636118598383,-0.2641509433962264,-0.8086253369272237,-0.353099730458221,-0.9029649595687331,-0.11590296495956873,-0.3423180592991914,-0.18328840970350405,-0.4582210242587601,-0.1320754716981132,-0.39622641509433965,-0.0862533692722372,-0.31805929919137466,-0.215633423180593,-0.2803234501347709,-0.22371967654986524,-0.353099730458221,-0.18867924528301888,-0.29380053908355797,-0.15902964959568733,-0.2371967654986523
1,0.0,0.0,0.1614457831325301,-0.14457831325301204,0.28433734939759037,-0.3204819277108434,0.40240963855421685,-0.4457831325301205,0.5180722891566265,-0.5036144578313253,0.13493975903614458,-0.44096385542168676,0.1614457831325301,-0.7204819277108434,0.17590361445783131,-0.8819277108433735,0.1855421686746988,-1.0,-0.0024096385542168677,-0.41204819277108434,-0.14698795180722893,-0.6650602409638554,-0.25060240963855424,-0.8048192771084337,-0.3349397590361446,-0.8987951807228916,-0.1180722891566265,-0.35180722891566263,-0.18072289156626506,-0.4674698795180723,-0.12530120481927712,-0.40481927710843374,-0.07951807228915662,-0.3325301204819277,-0.21204819277108433,-0.28674698795180725,-0.2216867469879518,-0.3493975903614458,-0.1855421686746988,-0.29156626506024097,-0.15180722891566265,-0.2385542168674699
1,0.0,0.0,0.16820276497695852,-0.1382488479262673,0.2995391705069124,-0.31336405529953915,0.41935483870967744,-0.4400921658986175,0.5368663594470046,-0.4930875576036866,0.1543778801843318,-0.43317972350230416,0.17972350230414746,-0.7188940092165899,0.195852534562212,-0.880184331797235,0.20046082949308755,-1.0,0.01152073732718894,-0.4055299539170507,-0.12442396313364056,-0.6705069124423964,-0.22350230414746544,-0.8133640552995391,-0.31105990783410137,-0.9078341013824884,-0.10829493087557604,-0.35023041474654376,-0.16129032258064516,-0.4769585253456221,-0.10138248847926268,-0.41244239631336405,-0.0576036866359447,-0.33640552995391704,-0.20506912442396313,-0.2880184331797235,-0.20276497695852536,-0.35944700460829493,-0.16359447004608296,-0.3064516129032258,-0.1313364055299539,-0.2488479262672811
1,0.0,0.0,0.1623529411764706,-0.13411764705882354,0.2964705882352941,-0.3035294117647059,0.4188235294117647,-0.4258823529411765,0.5458823529411765,-0.4776470588235294,0.16,-0.40941176470588236,0.18352941176470589,-0.7058823529411765,0.1976470588235294,-0.8752941176470588,0.2023529411764706,-1.0,0.009411764705882352,-0.3788235294117647,-0.13176470588235295,-0.6658823529411765,-0.23529411764705882,-0.8141176470588235,-0.32235294117647056,-0.9105882352941177,-0.11529411764705882,-0.3247058823529412,-0.16941176470588235,-0.48,-0.10823529411764705,-0.4211764705882353,-0.06352941176470588,-0.3411764705882353,-0.21411764705882352,-0.2635294117647059,-0.21176470588235294,-0.36,-0.16941176470588235,-0.3058823529411765,-0.1388235294117647,-0.24705882352941178
1,0.0,0.0,0.165,-0.12,0.3075,-0.295,0.4375,-0.4175,0.575,-0.4625,0.165,-0.4125,0.2,-0.7025,0.225,-0.875,0.2375,-1.0,0.0175,-0.3775,-0.125,-0.6625,-0.23,-0.825,-0.3225,-0.93,-0.1125,-0.315,-0.165,-0.4825,-0.1025,-0.42,-0.06,-0.34,-0.2125,-0.25,-0.21,-0.3575,-0.17,-0.3025,-0.14,-0.2425
1,0.0,0.0,0.16666666666666666,-0.14322916666666666,0.3020833333333333,-0.3151041666666667,0.421875,-0.4375,0.5598958333333334,-0.4791666666666667,0.16145833333333334,-0.4427083333333333,0.20052083333333334,-0.7213541666666666,0.22135416666666666,-0.8802083333333334,0.23958333333333334,-1.0,0.013020833333333334,-0.4140625,-0.11458333333333333,-0.6875,-0.2109375,-0.8359375,-0.296875,-0.9348958333333334,-0.11197916666666667,-0.3541666666666667,-0.15625,-0.5026041666666666,-0.09895833333333333,-0.4375,-0.057291666666666664,-0.3515625,-0.2109375,-0.2864583333333333,-0.20052083333333334,-0.3802083333333333,-0.16145833333333334,-0.3229166666666667,-0.1328125,-0.2578125
1,0.0,0.0,0.16348773841961853,-0.14713896457765668,0.28610354223433243,-0.3215258855585831,0.40599455040871935,-0.44141689373297005,0.5258855585831063,-0.5013623978201635,0.1444141689373297,-0.46321525885558584,0.17166212534059946,-0.7329700272479565,0.1907356948228883,-0.885558583106267,0.1989100817438692,-1.0,0.008174386920980926,-0.44141689373297005,-0.12534059945504086,-0.6866485013623979,-0.22343324250681199,-0.8201634877384196,-0.30517711171662126,-0.9128065395095368,-0.10899182561307902,-0.38419618528610355,-0.1553133514986376,-0.48501362397820164,-0.10626702997275204,-0.4196185286103542,-0.0653950953678474,-0.34332425068119893,-0.20435967302452315,-0.3188010899182561,-0.20435967302452315,-0.37329700272479566,-0.16893732970027248,-0.31607629427792916,-0.13896457765667575,-0.2561307901907357
1,0.0,0.0,0.15942028985507245,-0.14782608695652175,0.2753623188405797,-0.3217391304347826,0.4,-0.43768115942028984,0.5130434782608696,-0.4927536231884058,0.1391304347826087,-0.4608695652173913,0.16231884057971013,-0.7304347826086957,0.17681159420289855,-0.8840579710144928,0.1855072463768116,-1.0,-0.002898550724637681,-0.43478260869565216,-0.13623188405797101,-0.6753623188405797,-0.2318840579710145,-0.8057971014492754,-0.3101449275362319,-0.8927536231884058,-0.11884057971014493,-0.37971014492753624,-0.1681159420289855,-0.4782608695652174,-0.11304347826086956,-0.41739130434782606,-0.07246376811594203,-0.34492753623188405,-0.21159420289855072,-0.3130434782608696,-0.21159420289855072,-0.3710144927536232,-0.17391304347826086,-0.3130434782608696,-0.14202898550724638,-0.25217391304347825
1,0.0,0.0,0.1639871382636656,-0.1414790996784566,0.2765273311897106,-0.31511254019292606,0.3954983922829582,-0.43729903536977494,0.5112540192926045,-0.49517684887459806,0.1414790996784566,-0.4662379421221865,0.15434083601286175,-0.7363344051446945,0.15755627009646303,-0.887459807073955,0.15434083601286175,-1.0,0.003215434083601286,-0.45016077170418006,-0.1382636655948553,-0.6816720257234726,-0.24115755627009647,-0.8102893890675241,-0.3279742765273312,-0.8938906752411575,-0.11254019292604502,-0.3954983922829582,-0.16720257234726688,-0.4662379421221865,-0.1157556270096463,-0.3987138263665595,-0.07395498392282958,-0.3311897106109325,-0.21221864951768488,-0.3247588424437299,-0.21543408360128619,-0.3536977491961415,-0.18006430868167203,-0.2958199356913183,-0.14469453376205788,-0.2379421221864952
1,0.0,0.0,0.1736111111111111,-0.1423611111111111,0.2986111111111111,-0.3229166666666667,0.4305555555555556,-0.4444444444444444,0.5520833333333334,-0.4861111111111111,0.1527777777777778,-0.4722222222222222,0.18055555555555555,-0.7395833333333334,0.19444444444444445,-0.8888888888888888,0.2013888888888889,-1.0,0.006944444444444444,-0.4618055555555556,-0.10069444444444445,-0.7013888888888888,-0.1875,-0.8368055555555556,-0.2638888888888889,-0.9236111111111112,-0.1111111111111111,-0.4131944444444444,-0.13194444444444445,-0.4826388888888889,-0.08333333333333333,-0.4236111111111111,-0.04861111111111111,-0.3541666666666667,-0.21180555555555555,-0.3541666666666667,-0.1840277777777778,-0.3819444444444444,-0.1527777777777778,-0.3229166666666667,-0.1284722222222222,-0.2638888888888889
1,0.0,0.0,0.17582417582417584,-0.1391941391941392,0.3076923076923077,-0.315018315018315,0.42857142857142855,-0.4358974358974359,0.5421245421245421,-0.47619047619047616,0.16117216117216118,-0.46886446886446886,0.1794871794871795,-0.73992673992674,0.18681318681318682,-0.8901098901098901,0.19047619047619047,-1.0,0.003663003663003663,-0.46153846153846156,-0.10256410256410256,-0.7032967032967034,-0.19413919413919414,-0.8388278388278388,-0.27106227106227104,-0.9230769230769231,-0.11721611721611722,-0.4139194139194139,-0.13186813186813187,-0.47619047619047616,-0.08424908424908426,-0.42124542124542125,-0.05128205128205128,-0.34798534798534797,-0.22344322344322345,-0.358974358974359,-0.18315018315018314,-0.37362637362637363,-0.15384615384615385,-0.31868131868131866,-0.1282051282051282,-0.2600732600732601
1,0.0,0.0,0.1797752808988764,-0.14606741573033707,0.30711610486891383,-0.31835205992509363,0.4307116104868914,-0.43820224719101125,0.550561797752809,-0.4794007490636704,0.15730337078651685,-0.46441947565543074,0.1760299625468165,-0.7378277153558053,0.18352059925093633,-0.8913857677902621,0.18352059925093633,-1.0,-0.00749063670411985,-0.45692883895131087,-0.10861423220973783,-0.7078651685393258,-0.19101123595505617,-0.846441947565543,-0.26217228464419473,-0.9325842696629213,-0.13108614232209737,-0.4157303370786517,-0.12734082397003746,-0.4943820224719101,-0.0749063670411985,-0.4419475655430712,-0.0449438202247191,-0.37453183520599254,-0.23220973782771537,-0.36329588014981273,-0.17228464419475656,-0.3970037453183521,-0.13857677902621723,-0.3408239700374532,-0.11610486891385768,-0.2846441947565543
1,0.0,0.0,0.1821561338289963,-0.13382899628252787,0.3159851301115242,-0.30855018587360594,0.4349442379182156,-0.4312267657992565,0.5576208178438662,-0.4721189591078067,0.15613382899628253,-0.45724907063197023,0.17472118959107807,-0.7286245353159851,0.1821561338289963,-0.8847583643122676,0.1821561338289963,-1.0,-0.01486988847583643,-0.44981412639405205,-0.11152416356877323,-0.7100371747211895,-0.1895910780669145,-0.8550185873605948,-0.26394052044609667,-0.9442379182156134,-0.1449814126394052,-0.41263940520446096,-0.14869888475836432,-0.5204460966542751,-0.09665427509293681,-0.4758364312267658,-0.06691449814126393,-0.4052044609665427,-0.24535315985130113,-0.3643122676579926,-0.18587360594795538,-0.4200743494423792,-0.1524163568773234,-0.3643122676579926,-0.12639405204460966,-0.3048327137546468
1,0.0,0.0,0.18421052631578946,-0.13533834586466165,0.3233082706766917,-0.2932330827067669,0.4473684210526316,-0.41729323308270677,0.575187969924812,-0.462406015037594,0.15037593984962405,-0.45112781954887216,0.18045112781954886,-0.7293233082706767,0.18796992481203006,-0.8834586466165414,0.18421052631578946,-1.0,-0.022556390977443608,-0.4398496240601504,-0.11654135338345864,-0.7030075187969925,-0.18796992481203006,-0.8571428571428571,-0.2593984962406015,-0.9586466165413534,-0.15037593984962405,-0.39849624060150374,-0.12406015037593984,-0.5263157894736842,-0.06766917293233082,-0.48872180451127817,-0.045112781954887216,-0.424812030075188,-0.24812030075187969,-0.34962406015037595,-0.16165413533834586,-0.4323308270676692,-0.12406015037593984,-0.38721804511278196,-0.10150375939849623,-0.32706766917293234
1,0.0,0.0,0.1839080459770115,-0.13026819923371646,0.3218390804597701,-0.2950191570881226,0.4521072796934866,-0.41379310344827586,0.5823754789272031,-0.4444444444444444,0.1417624521072797,-0.4482758620689655,0.17624521072796934,-0.7279693486590039,0.18007662835249041,-0.8812260536398467,0.17624521072796934,-1.0,-0.03065134099616858,-0.4367816091954023,-0.13026819923371646,-0.7088122605363985,-0.21455938697318008,-0.8582375478927203,-0.28735632183908044,-0.9578544061302682,-0.16091954022988506,-0.3946360153256705,-0.15708812260536398,-0.5019157088122606,-0.10344827586206896,-0.4444444444444444,-0.07279693486590039,-0.367816091954023,-0.26053639846743293,-0.34099616858237547,-0.19923371647509577,-0.4099616858237548,-0.16475095785440613,-0.3448275862068966,-0.1417624521072797,-0.2796934865900383
1,0.0,0.0,0.18518518518518517,-0.13333333333333333,0.31851851851851853,-0.3074074074074074,0.4444444444444444,-0.43333333333333335,0.5703703703703704,-0.4666666666666667,0.16666666666666666,-0.46296296296296297,0.1962962962962963,-0.7333333333333333,0.2037037037037037,-0.8851851851851852,0.2074074074074074,-1.0,0.003703703703703704,-0.45925925925925926,-0.0962962962962963,-0.7037037037037037,-0.17777777777777778,-0.8518518518518519,-0.24814814814814815,-0.9481481481481482,-0.12222222222222222,-0.4185185185185185,-0.12222222222222222,-0.5,-0.07037037037037037,-0.4444444444444444,-0.040740740740740744,-0.37407407407407406,-0.2222222222222222,-0.36666666666666664,-0.17037037037037037,-0.4148148148148148,-0.14074074074074075,-0.35555555555555557,-0.12222222222222222,-0.29259259259259257
1,0.0,0.0,0.1791044776119403,-0.13432835820895522,0.30970149253731344,-0.30223880597014924,0.43656716417910446,-0.417910447761194,0.5559701492537313,-0.4552238805970149,0.16044776119402984,-0.4626865671641791,0.19029850746268656,-0.7350746268656716,0.20149253731343283,-0.8880597014925373,0.20522388059701493,-1.0,0.0,-0.4552238805970149,-0.10820895522388059,-0.7014925373134329,-0.19029850746268656,-0.8507462686567164,-0.26119402985074625,-0.9477611940298507,-0.12686567164179105,-0.41044776119402987,-0.13432835820895522,-0.48507462686567165,-0.08208955223880597,-0.4253731343283582,-0.05223880597014925,-0.35447761194029853,-0.23134328358208955,-0.3582089552238806,-0.1828358208955224,-0.3917910447761194,-0.15671641791044777,-0.3283582089552239,-0.13432835820895522,-0.26865671641791045
1,0.0,0.0,0.17407407407407408,-0.1259259259259259,0.3111111111111111,-0.3,0.44074074074074077,-0.4148148148148148,0.562962962962963,-0.44814814814814813,0.17037037037037037,-0.4666666666666667,0.2074074074074074,-0.7333333333333333,0.22592592592592592,-0.8851851851851852,0.23703703703703705,-1.0,0.025925925925925925,-0.46296296296296297,-0.08518518518518518,-0.7074074074074074,-0.17037037037037037,-0.8555555555555555,-0.24444444444444444,-0.9555555555555556,-0.1,-0.4148148148148148,-0.13703703703703704,-0.48148148148148145,-0.09259259259259259,-0.4148148148148148,-0.06296296296296296,-0.34074074074074073,-0.2111111111111111,-0.35555555555555557,-0.1925925925925926,-0.3814814814814815,-0.16666666666666666,-0.31851851851851853,-0.14814814814814814,-0.25925925925925924
1,0.0,0.0,0.1811320754716981,-0.12075471698113208,0.32452830188679244,-0.2943396226415094,0.4528301886792453,-0.4188679245283019,0.5773584905660377,-0.4490566037735849,0.19622641509433963,-0.46037735849056605,0.24528301886792453,-0.7283018867924528,0.2679245283018868,-0.8830188679245283,0.2830188679245283,-1.0,0.04905660377358491,-0.4641509433962264,-0.06037735849056604,-0.7169811320754716,-0.14339622641509434,-0.8679245283018868,-0.21509433962264152,-0.969811320754717,-0.07924528301886792,-0.4226415094339623,-0.12075471698113208,-0.4981132075471698,-0.07924528301886792,-0.42641509433962266,-0.04905660377358491,-0.35094339622641507,-0.18490566037735848,-0.3660377358490566,-0.1811320754716981,-0.39622641509433965,-0.15471698113207547,-0.33584905660377357,-0.1320754716981132,-0.27547169811320754
1,0.0,0.0,0.17692307692307693,-0.12307692307692308,0.3230769230769231,-0.3,0.46153846153846156,-0.41923076923076924,0.6,-0.45,0.20384615384615384,-0.4576923076923077,0.25769230769230766,-0.7269230769230769,0.28846153846153844,-0.8807692307692307,0.3076923076923077,-1.0,0.06538461538461539,-0.46153846153846156,-0.046153846153846156,-0.7153846153846154,-0.13076923076923078,-0.8692307692307693,-0.2,-0.9769230769230769,-0.06153846153846154,-0.41923076923076924,-0.12692307692307692,-0.5076923076923077,-0.08461538461538462,-0.4307692307692308,-0.05,-0.35,-0.16923076923076924,-0.36153846153846153,-0.18846153846153846,-0.40384615384615385,-0.1576923076923077,-0.3384615384615385,-0.12692307692307692,-0.27307692307692305
1,0.0,0.0,0.1796875,-0.1171875,0.3359375,-0.26953125,0.48828125,-0.359375,0.61328125,-0.390625,0.23828125,-0.4453125,0.296875,-0.71484375,0.3359375,-0.87109375,0.3671875,-0.9921875,0.1015625,-0.453125,0.00390625,-0.7109375,-0.07421875,-0.875,-0.13671875,-1.0,-0.03125,-0.421875,-0.09765625,-0.51953125,-0.0625,-0.4453125,-0.03125,-0.36328125,-0.14453125,-0.37109375,-0.16015625,-0.4375,-0.1328125,-0.3671875,-0.10546875,-0.30078125
1,0.0,0.0,0.18253968253968253,-0.1111111111111111,0.3492063492063492,-0.26587301587301587,0.49603174603174605,-0.36904761904761907,0.626984126984127,-0.42063492063492064,0.25396825396825395,-0.44841269841269843,0.31746031746031744,-0.7142857142857143,0.3531746031746032,-0.873015873015873,0.38095238095238093,-1.0,0.11507936507936507,-0.45634920634920634,0.007936507936507936,-0.7261904761904762,-0.07936507936507936,-0.8809523809523809,-0.14682539682539683,-1.0,-0.015873015873015872,-0.4166666666666667,-0.10317460317460317,-0.5317460317460317,-0.07539682539682539,-0.44047619047619047,-0.03968253968253968,-0.3531746031746032,-0.13095238095238096,-0.36507936507936506,-0.1746031746031746,-0.4246031746031746,-0.14682539682539683,-0.3492063492063492,-0.1111111111111111,-0.2777777777777778
1,0.0,0.0,0.18725099601593626,-0.11155378486055777,0.350597609561753,-0.26294820717131473,0.4940239043824701,-0.3784860557768924,0.6215139442231076,-0.4262948207171315,0.2549800796812749,-0.43824701195219123,0.32669322709163345,-0.7131474103585658,0.35856573705179284,-0.8725099601593626,0.38247011952191234,-0.9960159362549801,0.11553784860557768,-0.450199203187251,0.01593625498007968,-0.7290836653386454,-0.06772908366533864,-0.8884462151394422,-0.13147410358565736,-1.0,-0.0199203187250996,-0.41832669322709165,-0.099601593625498,-0.5378486055776892,-0.06772908366533864,-0.4541832669322709,-0.035856573705179286,-0.3665338645418327,-0.13545816733067728,-0.3705179282868526,-0.17131474103585656,-0.4342629482071713,-0.14342629482071714,-0.36254980079681276,-0.11155378486055777,-0.29880478087649404
1,0.0,0.0,0.18181818181818182,-0.11857707509881422,0.34782608695652173,-0.2845849802371542,0.48616600790513836,-0.4031620553359684,0.6205533596837944,-0.4426877470355731,0.2608695652173913,-0.4505928853754941,0.3241106719367589,-0.7154150197628458,0.35968379446640314,-0.8735177865612648,0.38735177865612647,-0.9960474308300395,0.12648221343873517,-0.45454545454545453,0.019762845849802372,-0.7312252964426877,-0.05928853754940711,-0.8893280632411067,-0.11857707509881422,-1.0,-0.003952569169960474,-0.4189723320158103,-0.09486166007905138,-0.5454545454545454,-0.06324110671936758,-0.466403162055336,-0.03162055335968379,-0.3794466403162055,-0.1225296442687747,-0.3715415019762846,-0.16205533596837945,-0.4426877470355731,-0.13438735177865613,-0.37549407114624506,-0.09881422924901186,-0.31225296442687744
1,0.0,0.0,0.18253968253968253,-0.11904761904761904,0.3492063492063492,-0.2896825396825397,0.49206349206349204,-0.40476190476190477,0.626984126984127,-0.44047619047619047,0.26587301587301587,-0.4603174603174603,0.32142857142857145,-0.7301587301587301,0.36507936507936506,-0.8809523809523809,0.3968253968253968,-0.996031746031746,0.1388888888888889,-0.45634920634920634,0.023809523809523808,-0.7301587301587301,-0.051587301587301584,-0.8888888888888888,-0.11507936507936507,-1.0,0.011904761904761904,-0.42063492063492064,-0.09523809523809523,-0.5555555555555556,-0.06349206349206349,-0.4722222222222222,-0.027777777777777776,-0.38492063492063494,-0.10714285714285714,-0.36904761904761907,-0.1626984126984127,-0.4444444444444444,-0.13095238095238096,-0.376984126984127,-0.09126984126984126,-0.30952380952380953
1,0.0,0.0,0.184,-0.132,0.348,-0.3,0.484,-0.412,0.628,-0.44,0.288,-0.468,0.34,-0.728,0.38,-0.88,0.412,-0.996,0.16,-0.468,0.02,-0.732,-0.056,-0.884,-0.108,-1.0,0.028,-0.428,-0.088,-0.584,-0.06,-0.504,-0.024,-0.42,-0.092,-0.38,-0.156,-0.484,-0.128,-0.42,-0.084,-0.356
1,0.0,0.0,0.1752988047808765,-0.12749003984063745,0.3426294820717131,-0.2948207171314741,0.4820717131474104,-0.4063745019920319,0.6215139442231076,-0.44223107569721115,0.29880478087649404,-0.46613545816733065,0.350597609561753,-0.7250996015936255,0.3904382470119522,-0.8764940239043825,0.42231075697211157,-1.0,0.18725099601593626,-0.46613545816733065,0.05179282868525897,-0.7211155378486056,-0.0398406374501992,-0.8764940239043825,-0.10756972111553785,-1.0,0.05976095617529881,-0.4342629482071713,-0.0796812749003984,-0.5896414342629482,-0.06374501992031872,-0.49800796812749004,-0.03187250996015936,-0.41434262948207173,-0.06772908366533864,-0.3904382470119522,-0.15139442231075698,-0.4940239043824701,-0.12350597609561753,-0.41434262948207173,-0.0796812749003984,-0.3466135458167331
1,0.0,0.0,0.17578125,-0.12109375,0.3359375,-0.2890625,0.47265625,-0.40234375,0.60546875,-0.43359375,0.2890625,-0.45703125,0.34765625,-0.71484375,0.37890625,-0.8671875,0.40625,-0.9921875,0.171875,-0.45703125,0.04296875,-0.72265625,-0.046875,-0.87890625,-0.109375,-1.0,0.04296875,-0.4296875,-0.10546875,-0.60546875,-0.09765625,-0.53515625,-0.06640625,-0.4609375,-0.0859375,-0.38671875,-0.18359375,-0.49609375,-0.1640625,-0.4375,-0.125,-0.37890625
1,0.0,0.0,0.17120622568093385,-0.12840466926070038,0.3229571984435798,-0.29961089494163423,0.45136186770428016,-0.41245136186770426,0.5797665369649806,-0.45136186770428016,0.2607003891050584,-0.46303501945525294,0.30739299610894943,-0.7276264591439688,0.3463035019455253,-0.8793774319066148,0.3735408560311284,-1.0,0.1517509727626459,-0.47470817120622566,0.01556420233463035,-0.7276264591439688,-0.08171206225680934,-0.8754863813229572,-0.1556420233463035,-0.9922178988326849,0.027237354085603113,-0.44357976653696496,-0.11673151750972763,-0.5486381322957199,-0.10116731517509728,-0.46303501945525294,-0.0622568093385214,-0.38910505836575876,-0.10116731517509728,-0.3968871595330739,-0.19066147859922178,-0.4591439688715953,-0.17509727626459143,-0.3852140077821012,-0.13618677042801555,-0.3229571984435798
1,0.0,0.0,0.16104868913857678,-0.12359550561797752,0.29213483146067415,-0.30711610486891383,0.41198501872659177,-0.4344569288389513,0.5355805243445693,-0.4756554307116105,0.21722846441947566,-0.4868913857677903,0.2546816479400749,-0.7415730337078652,0.2846441947565543,-0.8913857677902621,0.31086142322097376,-1.0,0.11235955056179775,-0.4868913857677903,-0.033707865168539325,-0.7228464419475655,-0.11610486891385768,-0.8614232209737828,-0.18352059925093633,-0.9700374531835206,-0.00749063670411985,-0.44569288389513106,-0.14606741573033707,-0.5205992509363296,-0.1198501872659176,-0.4419475655430712,-0.07865168539325842,-0.3707865168539326,-0.12359550561797752,-0.3857677902621723,-0.20973782771535582,-0.42696629213483145,-0.1797752808988764,-0.3595505617977528,-0.13857677902621723,-0.30337078651685395
1,0.0,0.0,0.17407407407407408,-0.12222222222222222,0.3074074074074074,-0.3111111111111111,0.42592592592592593,-0.44074074074074077,0.5518518518518518,-0.4888888888888889,0.2111111111111111,-0.48148148148148145,0.24814814814814815,-0.7407407407407407,0.2814814814814815,-0.8888888888888888,0.3037037037037037,-1.0,0.1,-0.4777777777777778,-0.037037037037037035,-0.7148148148148148,-0.12222222222222222,-0.8555555555555555,-0.18888888888888888,-0.9592592592592593,-0.014814814814814815,-0.43333333333333335,-0.14074074074074075,-0.5148148148148148,-0.1037037037037037,-0.43333333333333335,-0.05925925925925926,-0.3592592592592593,-0.1259259259259259,-0.37407407407407406,-0.1962962962962963,-0.4111111111111111,-0.15925925925925927,-0.34444444444444444,-0.11481481481481481,-0.2851851851851852
1,0.0,0.0,0.15942028985507245,-0.12318840579710146,0.2826086956521739,-0.3115942028985507,0.391304347826087,-0.4420289855072464,0.5144927536231884,-0.5,0.18115942028985507,-0.4673913043478261,0.2028985507246377,-0.7318840579710145,0.22826086956521738,-0.8840579710144928,0.2463768115942029,-1.0,0.06159420289855073,-0.463768115942029,-0.07608695652173914,-0.6992753623188406,-0.17028985507246377,-0.8333333333333334,-0.2427536231884058,-0.9311594202898551,-0.057971014492753624,-0.42028985507246375,-0.15579710144927536,-0.4891304347826087,-0.11956521739130435,-0.41304347826086957,-0.07608695652173914,-0.34057971014492755,-0.16666666666666666,-0.36231884057971014,-0.21014492753623187,-0.391304347826087,-0.17753623188405798,-0.32608695652173914,-0.13768115942028986,-0.2717391304347826
1,0.0,0.0,0.14982578397212543,-0.1254355400696864,0.2682926829268293,-0.30313588850174217,0.37630662020905925,-0.4425087108013937,0.4878048780487805,-0.5052264808362369,0.13588850174216027,-0.4634146341463415,0.14634146341463414,-0.735191637630662,0.14982578397212543,-0.8850174216027874,0.15331010452961671,-1.0,0.003484320557491289,-0.445993031358885,-0.13937282229965156,-0.6689895470383276,-0.24041811846689895,-0.794425087108014,-0.3170731707317073,-0.8850174216027874,-0.11149825783972125,-0.397212543554007,-0.18466898954703834,-0.4425087108013937,-0.14634146341463414,-0.37282229965156793,-0.10801393728222997,-0.30662020905923343,-0.21254355400696864,-0.3344947735191638,-0.23693379790940766,-0.34843205574912894,-0.20209059233449478,-0.28222996515679444,-0.17073170731707318,-0.2229965156794425
1,0.0,0.0,0.1598639455782313,-0.1326530612244898,0.2755102040816326,-0.29931972789115646,0.38095238095238093,-0.43537414965986393,0.4897959183673469,-0.5034013605442177,0.13945578231292516,-0.46938775510204084,0.14285714285714285,-0.7346938775510204,0.14965986394557823,-0.8843537414965986,0.14625850340136054,-1.0,0.0,-0.4523809523809524,-0.13945578231292516,-0.6768707482993197,-0.23469387755102042,-0.7993197278911565,-0.3129251700680272,-0.8809523809523809,-0.12244897959183673,-0.3979591836734694,-0.16666666666666666,-0.445578231292517,-0.12244897959183673,-0.37755102040816324,-0.08503401360544217,-0.3129251700680272,-0.22448979591836735,-0.3333333333333333,-0.22108843537414966,-0.35374149659863946,-0.1870748299319728,-0.2891156462585034,-0.1598639455782313,-0.23809523809523808
1,0.0,0.0,0.1644295302013423,-0.1342281879194631,0.2785234899328859,-0.3053691275167785,0.3926174496644295,-0.4395973154362416,0.5033557046979866,-0.5,0.13758389261744966,-0.4697986577181208,0.14429530201342283,-0.738255033557047,0.14093959731543623,-0.889261744966443,0.13758389261744966,-1.0,-0.003355704697986577,-0.4563758389261745,-0.13087248322147652,-0.6812080536912751,-0.22818791946308725,-0.8053691275167785,-0.3053691275167785,-0.8859060402684564,-0.12080536912751678,-0.40268456375838924,-0.15436241610738255,-0.45302013422818793,-0.10738255033557047,-0.38926174496644295,-0.07046979865771812,-0.3288590604026846,-0.2214765100671141,-0.3422818791946309,-0.20469798657718122,-0.35570469798657717,-0.174496644295302,-0.2953020134228188,-0.1476510067114094,-0.24496644295302014
1,0.0,0.0,0.17049180327868851,-0.13442622950819672,0.28524590163934427,-0.3114754098360656,0.4065573770491803,-0.4360655737704918,0.5278688524590164,-0.4885245901639344,0.13442622950819672,-0.46557377049180326,0.14098360655737704,-0.7344262295081967,0.14098360655737704,-0.8885245901639345,0.14098360655737704,-1.0,-0.013114754098360656,-0.4557377049180328,-0.13114754098360656,-0.6852459016393443,-0.22295081967213115,-0.8131147540983606,-0.3016393442622951,-0.8885245901639345,-0.12786885245901639,-0.40327868852459015,-0.15081967213114755,-0.4557377049180328,-0.10491803278688525,-0.39672131147540984,-0.07213114754098361,-0.33114754098360655,-0.2262295081967213,-0.34098360655737703,-0.2,-0.3540983606557377,-0.17049180327868851,-0.29508196721311475,-0.14754098360655737,-0.24262295081967214
1,0.0,0.0,0.17041800643086816,-0.1414790996784566,0.29260450160771706,-0.31189710610932475,0.4180064308681672,-0.4405144694533762,0.5434083601286174,-0.4919614147909968,0.13183279742765272,-0.4662379421221865,0.14469453376205788,-0.7331189710610932,0.14469453376205788,-0.8842443729903537,0.1414790996784566,-1.0,-0.01607717041800643,-0.45016077170418006,-0.13183279742765272,-0.6881028938906752,-0.21864951768488747,-0.8167202572347267,-0.29260450160771706,-0.8938906752411575,-0.13183279742765272,-0.3954983922829582,-0.14790996784565916,-0.4565916398713826,-0.10289389067524116,-0.3987138263665595,-0.0707395498392283,-0.33440514469453375,-0.2315112540192926,-0.33440514469453375,-0.19614147909967847,-0.3536977491961415,-0.17041800643086816,-0.2958199356913183,-0.14790996784565916,-0.24437299035369775
1,0.0,0.0,0.17088607594936708,-0.14873417721518986,0.28164556962025317,-0.31962025316455694,0.40189873417721517,-0.44936708860759494,0.5253164556962026,-0.49683544303797467,0.12658227848101267,-0.46835443037974683,0.13291139240506328,-0.7373417721518988,0.12974683544303797,-0.8860759493670886,0.12341772151898735,-1.0,-0.028481012658227847,-0.45569620253164556,-0.14556962025316456,-0.6930379746835443,-0.22784810126582278,-0.8291139240506329,-0.30063291139240506,-0.9145569620253164,-0.14556962025316456,-0.40189873417721517,-0.14556962025316456,-0.4810126582278481,-0.09177215189873418,-0.4272151898734177,-0.060126582278481014,-0.36075949367088606,-0.23734177215189872,-0.34177215189873417,-0.18354430379746836,-0.37341772151898733,-0.1518987341772152,-0.31962025316455694,-0.12974683544303797,-0.26582278481012656
1,0.0,0.0,0.16993464052287582,-0.14052287581699346,0.2875816993464052,-0.3104575163398693,0.40522875816993464,-0.4411764705882353,0.5261437908496732,-0.48366013071895425,0.13398692810457516,-0.4542483660130719,0.14705882352941177,-0.7287581699346405,0.14705882352941177,-0.8823529411764706,0.1437908496732026,-1.0,-0.02287581699346405,-0.43790849673202614,-0.1437908496732026,-0.6862745098039216,-0.23202614379084968,-0.8300653594771242,-0.3104575163398693,-0.9281045751633987,-0.1437908496732026,-0.38562091503267976,-0.15359477124183007,-0.4934640522875817,-0.10130718954248366,-0.434640522875817,-0.06862745098039216,-0.3627450980392157,-0.238562091503268,-0.3235294117647059,-0.19607843137254902,-0.3888888888888889,-0.16339869281045752,-0.3333333333333333,-0.14052287581699346,-0.27450980392156865
1,0.0,0.0,0.1610738255033557,-0.13758389261744966,0.29194630872483224,-0.31543624161073824,0.412751677852349,-0.45302013422818793,0.5536912751677853,-0.49328859060402686,0.15100671140939598,-0.4563758389261745,0.17785234899328858,-0.7248322147651006,0.17785234899328858,-0.8825503355704698,0.17785234899328858,-1.0,0.006711409395973154,-0.4429530201342282,-0.12080536912751678,-0.6946308724832215,-0.2181208053691275,-0.8355704697986577,-0.30201342281879195,-0.9295302013422819,-0.1174496644295302,-0.3926174496644295,-0.15771812080536912,-0.4966442953020134,-0.10738255033557047,-0.42953020134228187,-0.07046979865771812,-0.3523489932885906,-0.2181208053691275,-0.33221476510067116,-0.20469798657718122,-0.3859060402684564,-0.174496644295302,-0.3221476510067114,-0.1476510067114094,-0.26174496644295303
1,0.0,0.0,0.16494845360824742,-0.140893470790378,0.2920962199312715,-0.31958762886597936,0.41924398625429554,-0.43986254295532645,0.5463917525773195,-0.4742268041237113,0.16494845360824742,-0.4570446735395189,0.1958762886597938,-0.7285223367697594,0.20962199312714777,-0.8831615120274914,0.21649484536082475,-1.0,0.024054982817869417,-0.44329896907216493,-0.09965635738831616,-0.6941580756013745,-0.1958762886597938,-0.8384879725085911,-0.27491408934707906,-0.9347079037800687,-0.09965635738831616,-0.3917525773195876,-0.14776632302405499,-0.5017182130584192,-0.09965635738831616,-0.4329896907216495,-0.061855670103092786,-0.3539518900343643,-0.19931271477663232,-0.3333333333333333,-0.1958762886597938,-0.3917525773195876,-0.16151202749140894,-0.32989690721649484,-0.13402061855670103,-0.26804123711340205
