0,0.0,0.0,-0.1975806451612903,-0.07661290322580645,-0.3548387096774194,-0.23387096774193547,-0.4717741935483871,-0.3548387096774194,-0.5161290322580645,-0.4717741935483871,-0.2701612903225806,-0.49193548387096775,-0.3790322580645161,-0.6491935483870968,-0.45161290322580644,-0.5967741935483871,-0.47580645161290325,-0.5161290322580645,-0.1814516129032258,-0.5443548387096774,-0.27419354838709675,-0.7580645161290323,-0.35080645161290325,-0.8870967741935484,-0.4112903225806452,-0.9879032258064516,-0.06854838709677419,-0.5483870967741935,-0.125,-0.7620967741935484,-0.17338709677419356,-0.8911290322580645,-0.21774193548387097,-1.0,0.05241935483870968,-0.5120967741935484,0.04032258064516129,-0.6895161290322581,0.028225806451612902,-0.7983870967741935,0.012096774193548387,-0.8951612903225806
0,0.0,0.0,-0.2,-0.022222222222222223,-0.36,-0.17333333333333334,-0.4666666666666667,-0.30666666666666664,-0.5111111111111111,-0.4311111111111111,-0.25333333333333335,-0.44,-0.36,-0.6044444444444445,-0.4311111111111111,-0.5466666666666666,-0.4444444444444444,-0.44,-0.14666666666666667,-0.49333333333333335,-0.24888888888888888,-0.7244444444444444,-0.3244444444444444,-0.8622222222222222,-0.39555555555555555,-0.9733333333333334,-0.02666666666666667,-0.49333333333333335,-0.09333333333333334,-0.7333333333333333,-0.14666666666666667,-0.8844444444444445,-0.19555555555555557,-1.0,0.1111111111111111,-0.4533333333333333,0.09777777777777778,-0.6444444444444445,0.08,-0.7688888888888888,0.057777777777777775,-0.8755555555555555
0,0.0,0.0,-0.2,-0.08163265306122448,-0.3510204081632653,-0.22857142857142856,-0.45714285714285713,-0.3510204081632653,-0.5061224489795918,-0.46938775510204084,-0.27346938775510204,-0.4857142857142857,-0.39183673469387753,-0.6489795918367347,-0.46122448979591835,-0.5877551020408164,-0.4775510204081633,-0.49795918367346936,-0.18775510204081633,-0.5428571428571428,-0.27755102040816326,-0.763265306122449,-0.3510204081632653,-0.8938775510204081,-0.40816326530612246,-0.9959183673469387,-0.07346938775510205,-0.5469387755102041,-0.1306122448979592,-0.7673469387755102,-0.17959183673469387,-0.8938775510204081,-0.22448979591836735,-1.0,0.044897959183673466,-0.5142857142857142,0.036734693877551024,-0.689795918367347,0.02040816326530612,-0.8,0.0,-0.8938775510204081
0,0.0,0.0,-0.20164609053497942,-0.07407407407407407,-0.35802469135802467,-0.2222222222222222,-0.4691358024691358,-0.345679012345679,-0.49382716049382713,-0.4691358024691358,-0.2757201646090535,-0.48559670781893005,-0.39094650205761317,-0.6460905349794238,-0.46502057613168724,-0.5843621399176955,-0.4773662551440329,-0.4897119341563786,-0.18930041152263374,-0.5390946502057613,-0.27983539094650206,-0.7654320987654321,-0.3497942386831276,-0.897119341563786,-0.40329218106995884,-1.0,-0.07407407407407407,-0.5432098765432098,-0.13580246913580246,-0.7613168724279835,-0.18106995884773663,-0.8888888888888888,-0.2222222222222222,-0.9958847736625515,0.04526748971193416,-0.5102880658436214,0.0411522633744856,-0.6831275720164609,0.02880658436213992,-0.7942386831275721,0.012345679012345678,-0.8888888888888888
0,0.0,0.0,-0.19183673469387755,-0.08163265306122448,-0.3469387755102041,-0.22857142857142856,-0.4489795918367347,-0.3551020408163265,-0.45714285714285713,-0.4816326530612245,-0.27346938775510204,-0.4857142857142857,-0.3836734693877551,-0.6530612244897959,-0.45714285714285713,-0.5877551020408164,-0.46938775510204084,-0.4897959183673469,-0.18775510204081633,-0.5387755102040817,-0.27346938775510204,-0.763265306122449,-0.34285714285714286,-0.8938775510204081,-0.39591836734693875,-1.0,-0.07755102040816327,-0.5428571428571428,-0.13877551020408163,-0.7591836734693878,-0.17959183673469387,-0.8857142857142857,-0.22040816326530613,-0.9877551020408163,0.044897959183673466,-0.5102040816326531,0.036734693877551024,-0.6857142857142857,0.024489795918367346,-0.7959183673469388,0.012244897959183673,-0.889795918367347
0,0.0,0.0,-0.1934156378600823,-0.07818930041152264,-0.345679012345679,-0.22633744855967078,-0.4609053497942387,-0.3497942386831276,-0.49382716049382713,-0.4773662551440329,-0.2551440329218107,-0.48559670781893005,-0.35802469135802467,-0.654320987654321,-0.43209876543209874,-0.6090534979423868,-0.45267489711934156,-0.522633744855967,-0.16872427983539096,-0.5349794238683128,-0.25102880658436216,-0.7654320987654321,-0.32098765432098764,-0.8930041152263375,-0.37448559670781895,-1.0,-0.05761316872427984,-0.5432098765432098,-0.11522633744855967,-0.757201646090535,-0.15637860082304528,-0.8888888888888888,-0.19753086419753085,-1.0,0.06584362139917696,-0.5061728395061729,0.06584362139917696,-0.6831275720164609,0.06172839506172839,-0.7901234567901234,0.04938271604938271,-0.8888888888888888
0,0.0,0.0,-0.18699186991869918,-0.08130081300813008,-0.3333333333333333,-0.23170731707317074,-0.45121951219512196,-0.34959349593495936,-0.5203252032520326,-0.45934959349593496,-0.23170731707317074,-0.491869918699187,-0.34959349593495936,-0.6382113821138211,-0.43089430894308944,-0.5894308943089431,-0.45934959349593496,-0.508130081300813,-0.15040650406504066,-0.540650406504065,-0.23577235772357724,-0.7560975609756098,-0.3130081300813008,-0.8821138211382114,-0.3699186991869919,-0.983739837398374,-0.04878048780487805,-0.540650406504065,-0.08943089430894309,-0.7560975609756098,-0.13008130081300814,-0.8861788617886179,-0.16666666666666666,-1.0,0.06097560975609756,-0.4959349593495935,0.06097560975609756,-0.6707317073170732,0.052845528455284556,-0.7845528455284553,0.044715447154471545,-0.8861788617886179
0,0.0,0.0,-0.1908713692946058,-0.08298755186721991,-0.34024896265560167,-0.23236514522821577,-0.46473029045643155,-0.34854771784232363,-0.5435684647302904,-0.45643153526970953,-0.24066390041493776,-0.4854771784232365,-0.36099585062240663,-0.6307053941908713,-0.45228215767634855,-0.5809128630705395,-0.4854771784232365,-0.4979253112033195,-0.16182572614107885,-0.5394190871369294,-0.24896265560165975,-0.7551867219917012,-0.31950207468879666,-0.8879668049792531,-0.37344398340248963,-0.995850622406639,-0.058091286307053944,-0.5435684647302904,-0.1037344398340249,-0.7593360995850622,-0.14107883817427386,-0.8921161825726142,-0.17012448132780084,-1.0,0.04979253112033195,-0.5020746887966805,0.04979253112033195,-0.6804979253112033,0.04564315352697095,-0.7925311203319502,0.03734439834024896,-0.8962655601659751
0,0.0,0.0,-0.19591836734693877,-0.0653061224489796,-0.3510204081632653,-0.2,-0.4816326530612245,-0.2979591836734694,-0.563265306122449,-0.3877551020408163,-0.27346938775510204,-0.46938775510204084,-0.40816326530612246,-0.5755102040816327,-0.49795918367346936,-0.5020408163265306,-0.5224489795918368,-0.40816326530612246,-0.20408163265306123,-0.5265306122448979,-0.3142857142857143,-0.7346938775510204,-0.4122448979591837,-0.8530612244897959,-0.4857142857142857,-0.9591836734693877,-0.10204081632653061,-0.5346938775510204,-0.15918367346938775,-0.7551020408163265,-0.21224489795918366,-0.8857142857142857,-0.2653061224489796,-1.0,0.004081632653061225,-0.49795918367346936,-0.004081632653061225,-0.6775510204081633,-0.02040816326530612,-0.7959183673469388,-0.04081632653061224,-0.9020408163265307
0,0.0,0.0,-0.2076271186440678,-0.0423728813559322,-0.3940677966101695,-0.1440677966101695,-0.5466101694915254,-0.22033898305084745,-0.6271186440677966,-0.3177966101694915,-0.3644067796610169,-0.4406779661016949,-0.5169491525423728,-0.5550847457627118,-0.5805084745762712,-0.4576271186440678,-0.576271186440678,-0.3474576271186441,-0.3008474576271186,-0.5084745762711864,-0.4533898305084746,-0.7161016949152542,-0.5635593220338984,-0.8305084745762712,-0.652542372881356,-0.9322033898305084,-0.1906779661016949,-0.5338983050847458,-0.288135593220339,-0.7584745762711864,-0.3644067796610169,-0.8898305084745762,-0.4279661016949153,-1.0,-0.07203389830508475,-0.5127118644067796,-0.11016949152542373,-0.6991525423728814,-0.13983050847457626,-0.8177966101694916,-0.1694915254237288,-0.923728813559322
0,0.0,0.0,-0.19491525423728814,-0.03389830508474576,-0.3728813559322034,-0.13559322033898305,-0.5254237288135594,-0.211864406779661,-0.6101694915254238,-0.3008474576271186,-0.3474576271186441,-0.4364406779661017,-0.5042372881355932,-0.5338983050847458,-0.5677966101694916,-0.4449152542372881,-0.5677966101694916,-0.3474576271186441,-0.2838983050847458,-0.5127118644067796,-0.4322033898305085,-0.711864406779661,-0.5423728813559322,-0.826271186440678,-0.6271186440677966,-0.9279661016949152,-0.1694915254237288,-0.5423728813559322,-0.2711864406779661,-0.7542372881355932,-0.3432203389830508,-0.885593220338983,-0.4067796610169492,-1.0,-0.0423728813559322,-0.5211864406779662,-0.0847457627118644,-0.6991525423728814,-0.11864406779661017,-0.8135593220338984,-0.15677966101694915,-0.9152542372881356
0,0.0,0.0,-0.18032786885245902,-0.08196721311475409,-0.3237704918032787,-0.23770491803278687,-0.44672131147540983,-0.36065573770491804,-0.5327868852459017,-0.47950819672131145,-0.23770491803278687,-0.48770491803278687,-0.35655737704918034,-0.6352459016393442,-0.44672131147540983,-0.5942622950819673,-0.48360655737704916,-0.5122950819672131,-0.1598360655737705,-0.5368852459016393,-0.2540983606557377,-0.7540983606557377,-0.3360655737704918,-0.8770491803278688,-0.39344262295081966,-0.9836065573770492,-0.05327868852459016,-0.5409836065573771,-0.10245901639344263,-0.7581967213114754,-0.14344262295081966,-0.889344262295082,-0.18442622950819673,-1.0,0.06147540983606557,-0.5,0.06147540983606557,-0.6721311475409836,0.05327868852459016,-0.7868852459016393,0.040983606557377046,-0.889344262295082
0,0.0,0.0,-0.19282511210762332,-0.04484304932735426,-0.336322869955157,-0.2062780269058296,-0.45739910313901344,-0.32286995515695066,-0.5426008968609866,-0.4439461883408072,-0.22869955156950672,-0.43946188340807174,-0.3273542600896861,-0.57847533632287,-0.4260089686098655,-0.5605381165919282,-0.4663677130044843,-0.48878923766816146,-0.13004484304932734,-0.49327354260089684,-0.22869955156950672,-0.7085201793721974,-0.31390134529147984,-0.8430493273542601,-0.38565022421524664,-0.9641255605381166,-0.013452914798206279,-0.49327354260089684,-0.07174887892376682,-0.7309417040358744,-0.10762331838565023,-0.8789237668161435,-0.14798206278026907,-1.0,0.10762331838565023,-0.45739910313901344,0.1210762331838565,-0.6412556053811659,0.11659192825112108,-0.757847533632287,0.1031390134529148,-0.8609865470852018
0,0.0,0.0,-0.18487394957983194,-0.08823529411764706,-0.3277310924369748,-0.24789915966386555,-0.453781512605042,-0.37815126050420167,-0.542016806722689,-0.5,-0.23949579831932774,-0.49159663865546216,-0.3403361344537815,-0.6470588235294118,-0.42857142857142855,-0.6302521008403361,-0.47478991596638653,-0.5672268907563025,-0.15546218487394958,-0.542016806722689,-0.24789915966386555,-0.7647058823529411,-0.3277310924369748,-0.8907563025210085,-0.3907563025210084,-1.0,-0.04201680672268908,-0.5462184873949579,-0.08823529411764706,-0.7605042016806722,-0.13025210084033614,-0.8907563025210085,-0.16806722689075632,-1.0,0.07563025210084033,-0.5126050420168067,0.07983193277310924,-0.6890756302521008,0.07563025210084033,-0.7983193277310925,0.06302521008403361,-0.8907563025210085
0,0.0,0.0,-0.19915254237288135,-0.059322033898305086,-0.3771186440677966,-0.17796610169491525,-0.5211864406779662,-0.2754237288135593,-0.614406779661017,-0.3771186440677966,-0.3347457627118644,-0.4576271186440678,-0.4745762711864407,-0.5932203389830508,-0.5508474576271186,-0.5296610169491526,-0.5720338983050848,-0.4406779661016949,-0.2627118644067797,-0.5211864406779662,-0.4025423728813559,-0.7288135593220338,-0.5042372881355932,-0.847457627118644,-0.5805084745762712,-0.9491525423728814,-0.1483050847457627,-0.538135593220339,-0.24152542372881355,-0.7627118644067796,-0.3050847457627119,-0.8940677966101694,-0.3601694915254237,-1.0,-0.0211864406779661,-0.5127118644067796,-0.05084745762711865,-0.6949152542372882,-0.07203389830508475,-0.809322033898305,-0.09745762711864407,-0.9110169491525424
0,0.0,0.0,-0.19262295081967212,-0.06557377049180328,-0.3524590163934426,-0.18442622950819673,-0.4959016393442623,-0.27459016393442626,-0.5737704918032787,-0.36885245901639346,-0.3073770491803279,-0.45491803278688525,-0.44672131147540983,-0.569672131147541,-0.5327868852459017,-0.5081967213114754,-0.5491803278688525,-0.42213114754098363,-0.24180327868852458,-0.5204918032786885,-0.3770491803278688,-0.7254098360655737,-0.47950819672131145,-0.8442622950819673,-0.5573770491803278,-0.9467213114754098,-0.13114754098360656,-0.5450819672131147,-0.21311475409836064,-0.7622950819672131,-0.27459016393442626,-0.8934426229508197,-0.32786885245901637,-1.0,-0.00819672131147541,-0.5163934426229508,-0.020491803278688523,-0.6926229508196722,-0.036885245901639344,-0.8114754098360656,-0.06147540983606557,-0.9139344262295082
0,0.0,0.0,-0.18518518518518517,-0.08641975308641975,-0.3333333333333333,-0.2345679012345679,-0.4609053497942387,-0.35390946502057613,-0.5308641975308642,-0.4732510288065844,-0.23045267489711935,-0.48148148148148145,-0.345679012345679,-0.6255144032921811,-0.43209876543209874,-0.5925925925925926,-0.4691358024691358,-0.51440329218107,-0.1522633744855967,-0.5349794238683128,-0.23868312757201646,-0.757201646090535,-0.3168724279835391,-0.8847736625514403,-0.3786008230452675,-0.9876543209876543,-0.0411522633744856,-0.5390946502057613,-0.07818930041152264,-0.7613168724279835,-0.1111111111111111,-0.8888888888888888,-0.1440329218106996,-1.0,0.07407407407407407,-0.49794238683127573,0.08641975308641975,-0.6748971193415638,0.0823045267489712,-0.7860082304526749,0.07407407407407407,-0.8888888888888888
0,0.0,0.0,-0.1583710407239819,0.004524886877828055,-0.334841628959276,-0.09954751131221719,-0.4841628959276018,-0.167420814479638,-0.5746606334841629,-0.23529411764705882,-0.29411764705882354,-0.3936651583710407,-0.43891402714932126,-0.46153846153846156,-0.5067873303167421,-0.3891402714932127,-0.5248868778280543,-0.3076923076923077,-0.2171945701357466,-0.4751131221719457,-0.36199095022624433,-0.6561085972850679,-0.4841628959276018,-0.7647058823529411,-0.5927601809954751,-0.8597285067873304,-0.10407239819004525,-0.502262443438914,-0.20361990950226244,-0.7330316742081447,-0.2850678733031674,-0.8823529411764706,-0.3574660633484163,-1.0,0.03167420814479638,-0.4751131221719457,0.01809954751131222,-0.669683257918552,-0.01809954751131222,-0.8009049773755657,-0.05429864253393665,-0.9140271493212669
0,0.0,0.0,-0.19665271966527198,-0.0502092050209205,-0.37656903765690375,-0.1589958158995816,-0.5271966527196653,-0.23430962343096234,-0.6192468619246861,-0.30962343096234307,-0.3389121338912134,-0.4351464435146444,-0.497907949790795,-0.5271966527196653,-0.5774058577405857,-0.4476987447698745,-0.5899581589958159,-0.3472803347280335,-0.2803347280334728,-0.5062761506276151,-0.4351464435146444,-0.702928870292887,-0.5523012552301255,-0.8117154811715481,-0.6401673640167364,-0.9037656903765691,-0.17154811715481172,-0.5313807531380753,-0.2594142259414226,-0.7615062761506276,-0.3305439330543933,-0.891213389121339,-0.39330543933054396,-1.0,-0.0502092050209205,-0.5062761506276151,-0.07112970711297072,-0.694560669456067,-0.100418410041841,-0.8158995815899581,-0.13807531380753138,-0.9205020920502092
0,0.0,0.0,-0.2,-0.03404255319148936,-0.4,-0.13191489361702127,-0.5659574468085107,-0.2,-0.6808510638297872,-0.2723404255319149,-0.3702127659574468,-0.4297872340425532,-0.5446808510638298,-0.5276595744680851,-0.6170212765957447,-0.4297872340425532,-0.6297872340425532,-0.3276595744680851,-0.3148936170212766,-0.502127659574468,-0.4978723404255319,-0.6808510638297872,-0.6340425531914894,-0.7787234042553192,-0.7404255319148936,-0.8595744680851064,-0.20851063829787234,-0.5319148936170213,-0.3276595744680851,-0.7574468085106383,-0.42127659574468085,-0.8851063829787233,-0.502127659574468,-1.0,-0.0851063829787234,-0.5191489361702127,-0.1276595744680851,-0.7063829787234043,-0.16595744680851063,-0.825531914893617,-0.2127659574468085,-0.9361702127659575
1,0.0,0.0,-0.1937984496124031,-0.06201550387596899,-0.3875968992248062,-0.23255813953488372,-0.5426356589147286,-0.3333333333333333,-0.6705426356589147,-0.375968992248062,-0.2054263565891473,-0.5193798449612403,-0.24031007751937986,-0.7364341085271318,-0.2596899224806202,-0.875968992248062,-0.2751937984496124,-1.0,-0.06976744186046512,-0.5348837209302325,-0.1511627906976744,-0.5310077519379846,-0.15503875968992248,-0.35271317829457366,-0.11627906976744186,-0.29457364341085274,0.06201550387596899,-0.5038759689922481,-0.027131782945736434,-0.4728682170542636,-0.03875968992248062,-0.31007751937984496,-0.007751937984496124,-0.27906976744186046,0.18992248062015504,-0.4496124031007752,0.10077519379844961,-0.46511627906976744,0.06589147286821706,-0.32945736434108525,0.07751937984496124,-0.28294573643410853
1,0.0,0.0,-0.19066147859922178,-0.058365758754863814,-0.3852140077821012,-0.22957198443579765,-0.5408560311284046,-0.32684824902723736,-0.6731517509727627,-0.3735408560311284,-0.21011673151750973,-0.5136186770428015,-0.245136186770428,-0.7354085603112841,-0.26459143968871596,-0.8754863813229572,-0.2801556420233463,-1.0,-0.07392996108949416,-0.5291828793774319,-0.14396887159533073,-0.5214007782101168,-0.14007782101167315,-0.33852140077821014,-0.10505836575875487,-0.27626459143968873,0.0622568093385214,-0.4980544747081712,-0.01556420233463035,-0.46303501945525294,-0.027237354085603113,-0.29961089494163423,0.0,-0.26459143968871596,0.19455252918287938,-0.4396887159533074,0.11673151750972763,-0.45525291828793774,0.07392996108949416,-0.31906614785992216,0.08171206225680934,-0.2723735408560311
1,0.0,0.0,-0.19455252918287938,-0.0622568093385214,-0.38910505836575876,-0.22957198443579765,-0.5408560311284046,-0.32684824902723736,-0.6653696498054474,-0.36964980544747084,-0.20622568093385213,-0.5136186770428015,-0.23735408560311283,-0.7354085603112841,-0.25680933852140075,-0.8754863813229572,-0.2723735408560311,-1.0,-0.07003891050583658,-0.5330739299610895,-0.1556420233463035,-0.5330739299610895,-0.15953307392996108,-0.3463035019455253,-0.1245136186770428,-0.2723735408560311,0.0622568093385214,-0.5058365758754864,-0.027237354085603113,-0.4708171206225681,-0.038910505836575876,-0.29961089494163423,-0.007782101167315175,-0.2529182879377432,0.19066147859922178,-0.4474708171206226,0.10116731517509728,-0.4591439688715953,0.06614785992217899,-0.3229571984435798,0.08171206225680934,-0.2723735408560311
1,0.0,0.0,-0.19607843137254902,-0.06274509803921569,-0.39215686274509803,-0.23137254901960785,-0.5450980392156862,-0.3215686274509804,-0.6745098039215687,-0.3568627450980392,-0.2196078431372549,-0.5137254901960784,-0.2549019607843137,-0.7372549019607844,-0.27450980392156865,-0.8745098039215686,-0.2980392156862745,-1.0,-0.08235294117647059,-0.5372549019607843,-0.16862745098039217,-0.5254901960784314,-0.16470588235294117,-0.3411764705882353,-0.12156862745098039,-0.2823529411764706,0.050980392156862744,-0.5098039215686274,-0.043137254901960784,-0.4745098039215686,-0.047058823529411764,-0.3058823529411765,-0.01568627450980392,-0.27058823529411763,0.1843137254901961,-0.4588235294117647,0.09019607843137255,-0.4627450980392157,0.050980392156862744,-0.3254901960784314,0.06666666666666667,-0.2784313725490196
1,0.0,0.0,-0.19123505976095617,-0.05179282868525897,-0.3944223107569721,-0.21912350597609562,-0.549800796812749,-0.3147410358565737,-0.6812749003984063,-0.3545816733067729,-0.22709163346613545,-0.5099601593625498,-0.2788844621513944,-0.7330677290836654,-0.30278884462151395,-0.8725099601593626,-0.32270916334661354,-1.0,-0.08764940239043825,-0.5338645418326693,-0.16733067729083664,-0.5219123505976095,-0.1593625498007968,-0.3386454183266932,-0.12350597609561753,-0.2749003984063745,0.04780876494023904,-0.5099601593625498,-0.03187250996015936,-0.46613545816733065,-0.0398406374501992,-0.29880478087649404,-0.01195219123505976,-0.26693227091633465,0.18326693227091634,-0.4581673306772908,0.10358565737051793,-0.46215139442231074,0.06772908366533864,-0.32270916334661354,0.07569721115537849,-0.2788844621513944
1,0.0,0.0,-0.17829457364341086,-0.05813953488372093,-0.36046511627906974,-0.23255813953488372,-0.5077519379844961,-0.3372093023255814,-0.6356589147286822,-0.38372093023255816,-0.1821705426356589,-0.5077519379844961,-0.20155038759689922,-0.7325581395348837,-0.20930232558139536,-0.872093023255814,-0.2131782945736434,-1.0,-0.046511627906976744,-0.5193798449612403,-0.12015503875968993,-0.5155038759689923,-0.12403100775193798,-0.3372093023255814,-0.08914728682170543,-0.2751937984496124,0.08914728682170543,-0.4806201550387597,0.007751937984496124,-0.45348837209302323,-0.011627906976744186,-0.2868217054263566,0.011627906976744186,-0.24806201550387597,0.21705426356589147,-0.4186046511627907,0.1434108527131783,-0.437984496124031,0.09302325581395349,-0.31007751937984496,0.09689922480620156,-0.2558139534883721
1,0.0,0.0,-0.17424242424242425,-0.07954545454545454,-0.3371212121212121,-0.25757575757575757,-0.4810606060606061,-0.36363636363636365,-0.6022727272727273,-0.4053030303030303,-0.15151515151515152,-0.5151515151515151,-0.1590909090909091,-0.7348484848484849,-0.1553030303030303,-0.875,-0.14393939393939395,-1.0,-0.01893939393939394,-0.5227272727272727,-0.10227272727272728,-0.5113636363636364,-0.11742424242424243,-0.3371212121212121,-0.08333333333333333,-0.2878787878787879,0.10984848484848485,-0.4772727272727273,0.015151515151515152,-0.44696969696969696,-0.007575757575757576,-0.2916666666666667,0.01893939393939394,-0.26515151515151514,0.23106060606060605,-0.4128787878787879,0.14393939393939395,-0.42803030303030304,0.0946969696969697,-0.3068181818181818,0.10984848484848485,-0.26136363636363635
1,0.0,0.0,-0.15234375,-0.1015625,-0.29296875,-0.296875,-0.41796875,-0.41796875,-0.53125,-0.49609375,-0.0625,-0.52734375,-0.01953125,-0.73828125,0.015625,-0.87890625,0.05078125,-1.0,0.08203125,-0.51171875,-0.00390625,-0.5078125,-0.0546875,-0.3359375,-0.0390625,-0.2734375,0.203125,-0.4453125,0.1015625,-0.41015625,0.05078125,-0.26171875,0.0625,-0.23046875,0.3125,-0.35546875,0.22265625,-0.36328125,0.15234375,-0.25,0.15625,-0.21484375
1,0.0,0.0,-0.1422924901185771,-0.11067193675889328,-0.2608695652173913,-0.3241106719367589,-0.3715415019762846,-0.466403162055336,-0.4782608695652174,-0.5573122529644269,0.003952569169960474,-0.5296442687747036,0.08300395256916997,-0.7470355731225297,0.1422924901185771,-0.8853754940711462,0.19367588932806323,-1.0,0.1383399209486166,-0.49407114624505927,0.06719367588932806,-0.5098814229249012,-0.011857707509881422,-0.34782608695652173,-0.019762845849802372,-0.2727272727272727,0.2490118577075099,-0.41106719367588934,0.15810276679841898,-0.40711462450592883,0.08300395256916997,-0.2648221343873518,0.07905138339920949,-0.21739130434782608,0.34782608695652173,-0.31620553359683795,0.2727272727272727,-0.34782608695652173,0.1857707509881423,-0.2450592885375494,0.16996047430830039,-0.1976284584980237
1,0.0,0.0,-0.14566929133858267,-0.1141732283464567,-0.2637795275590551,-0.3346456692913386,-0.3661417322834646,-0.4921259842519685,-0.4645669291338583,-0.5866141732283464,0.007874015748031496,-0.5393700787401575,0.09448818897637795,-0.7480314960629921,0.16141732283464566,-0.8858267716535433,0.21653543307086615,-1.0,0.14173228346456693,-0.5,0.05905511811023622,-0.5236220472440944,-0.015748031496062992,-0.35039370078740156,-0.011811023622047244,-0.2795275590551181,0.25196850393700787,-0.421259842519685,0.15354330708661418,-0.41338582677165353,0.07480314960629922,-0.2677165354330709,0.07874015748031496,-0.2283464566929134,0.3464566929133858,-0.3188976377952756,0.2637795275590551,-0.33858267716535434,0.17716535433070865,-0.24015748031496062,0.16929133858267717,-0.20078740157480315
1,0.0,0.0,-0.14901960784313725,-0.11764705882352941,-0.2627450980392157,-0.3333333333333333,-0.37254901960784315,-0.4823529411764706,-0.47843137254901963,-0.5725490196078431,-0.00784313725490196,-0.5254901960784314,0.08235294117647059,-0.7450980392156863,0.1450980392156863,-0.8823529411764706,0.2,-1.0,0.12156862745098039,-0.4823529411764706,0.06666666666666667,-0.5176470588235295,-0.00784313725490196,-0.3568627450980392,-0.011764705882352941,-0.27450980392156865,0.23137254901960785,-0.403921568627451,0.16470588235294117,-0.42745098039215684,0.08627450980392157,-0.2823529411764706,0.0784313725490196,-0.22745098039215686,0.3254901960784314,-0.3058823529411765,0.27450980392156865,-0.35294117647058826,0.1843137254901961,-0.2549019607843137,0.16862745098039217,-0.20392156862745098
1,0.0,0.0,-0.14566929133858267,-0.1062992125984252,-0.27165354330708663,-0.3188976377952756,-0.3858267716535433,-0.46062992125984253,-0.5,-0.5393700787401575,-0.023622047244094488,-0.5275590551181102,0.05905511811023622,-0.7480314960629921,0.11811023622047244,-0.8858267716535433,0.16929133858267717,-1.0,0.10236220472440945,-0.4881889763779528,0.051181102362204724,-0.5236220472440944,-0.015748031496062992,-0.3464566929133858,-0.015748031496062992,-0.2677165354330709,0.21653543307086615,-0.4094488188976378,0.15354330708661418,-0.4251968503937008,0.07874015748031496,-0.27165354330708663,0.07480314960629922,-0.22440944881889763,0.3188976377952756,-0.31496062992125984,0.2637795275590551,-0.35826771653543305,0.18110236220472442,-0.24803149606299213,0.1732283464566929,-0.2047244094488189
1,0.0,0.0,-0.16538461538461538,-0.09615384615384616,-0.3038461538461538,-0.3,-0.4307692307692308,-0.4307692307692308,-0.55,-0.49615384615384617,-0.07307692307692308,-0.5192307692307693,-0.023076923076923078,-0.7423076923076923,0.019230769230769232,-0.8769230769230769,0.05384615384615385,-1.0,0.05384615384615385,-0.49615384615384617,-0.015384615384615385,-0.5192307692307693,-0.05384615384615385,-0.3423076923076923,-0.03461538461538462,-0.28076923076923077,0.17307692307692307,-0.4346153846153846,0.09230769230769231,-0.4307692307692308,0.04230769230769231,-0.27692307692307694,0.06153846153846154,-0.23846153846153847,0.28076923076923077,-0.35,0.2153846153846154,-0.38461538461538464,0.14615384615384616,-0.2692307692307692,0.14615384615384616,-0.2230769230769231
1,0.0,0.0,-0.16602316602316602,-0.08494208494208494,-0.3204633204633205,-0.28185328185328185,-0.4517374517374517,-0.40540540540540543,-0.5714285714285714,-0.46332046332046334,-0.11196911196911197,-0.5173745173745173,-0.07722007722007722,-0.7413127413127413,-0.05019305019305019,-0.8764478764478765,-0.03088803088803089,-1.0,0.015444015444015444,-0.5019305019305019,-0.03861003861003861,-0.5366795366795367,-0.06563706563706563,-0.3552123552123552,-0.04633204633204633,-0.27413127413127414,0.138996138996139,-0.4517374517374517,0.0694980694980695,-0.4517374517374517,0.03088803088803089,-0.2857142857142857,0.04247104247104247,-0.23938223938223938,0.2548262548262548,-0.38223938223938225,0.19305019305019305,-0.416988416988417,0.13127413127413126,-0.29343629343629346,0.13127413127413126,-0.24324324324324326
1,0.0,0.0,-0.1724137931034483,-0.08045977011494253,-0.3371647509578544,-0.2681992337164751,-0.47126436781609193,-0.3831417624521073,-0.5938697318007663,-0.42911877394636017,-0.1417624521072797,-0.5095785440613027,-0.12643678160919541,-0.735632183908046,-0.1111111111111111,-0.8735632183908046,-0.09578544061302682,-1.0,-0.011494252873563218,-0.5095785440613027,-0.06896551724137931,-0.524904214559387,-0.0842911877394636,-0.3486590038314176,-0.06896551724137931,-0.26436781609195403,0.11494252873563218,-0.46360153256704983,0.04597701149425287,-0.4559386973180077,0.01532567049808429,-0.2950191570881226,0.02681992337164751,-0.2413793103448276,0.23371647509578544,-0.40229885057471265,0.1724137931034483,-0.42911877394636017,0.11494252873563218,-0.30268199233716475,0.1111111111111111,-0.24904214559386972
1,0.0,0.0,-0.18253968253968253,-0.05555555555555555,-0.373015873015873,-0.2222222222222222,-0.5357142857142857,-0.32142857142857145,-0.6666666666666666,-0.35714285714285715,-0.20634920634920634,-0.5,-0.23015873015873015,-0.7301587301587301,-0.23809523809523808,-0.876984126984127,-0.24206349206349206,-1.0,-0.07539682539682539,-0.5079365079365079,-0.1349206349206349,-0.5396825396825397,-0.1349206349206349,-0.34523809523809523,-0.10317460317460317,-0.28174603174603174,0.05952380952380952,-0.4801587301587302,-0.007936507936507936,-0.48412698412698413,-0.01984126984126984,-0.3055555555555556,0.003968253968253968,-0.2698412698412698,0.19047619047619047,-0.43253968253968256,0.12301587301587301,-0.4722222222222222,0.08333333333333333,-0.32936507936507936,0.0873015873015873,-0.28174603174603174
1,0.0,0.0,-0.19183673469387755,-0.053061224489795916,-0.4,-0.21224489795918366,-0.5673469387755102,-0.30612244897959184,-0.7061224489795919,-0.3346938775510204,-0.23673469387755103,-0.49387755102040815,-0.2693877551020408,-0.7306122448979592,-0.2857142857142857,-0.8734693877551021,-0.3020408163265306,-1.0,-0.10204081632653061,-0.5102040816326531,-0.15918367346938775,-0.5591836734693878,-0.1469387755102041,-0.3673469387755102,-0.11428571428571428,-0.27755102040816326,0.0326530612244898,-0.4857142857142857,-0.02857142857142857,-0.5061224489795918,-0.02857142857142857,-0.32653061224489793,-0.00816326530612245,-0.2612244897959184,0.17142857142857143,-0.4448979591836735,0.10612244897959183,-0.49795918367346936,0.07346938775510205,-0.35918367346938773,0.07755102040816327,-0.2979591836734694
1,0.0,0.0,-0.1950207468879668,-0.04149377593360996,-0.4107883817427386,-0.18672199170124482,-0.5933609958506224,-0.26141078838174275,-0.7385892116182573,-0.2863070539419087,-0.27385892116182575,-0.48132780082987553,-0.3236514522821577,-0.7219917012448133,-0.35269709543568467,-0.8713692946058091,-0.3775933609958506,-1.0,-0.13692946058091288,-0.5062240663900415,-0.1950207468879668,-0.5518672199170125,-0.17012448132780084,-0.36099585062240663,-0.13278008298755187,-0.27385892116182575,0.0,-0.49377593360995853,-0.06224066390041494,-0.5020746887966805,-0.05394190871369295,-0.3236514522821577,-0.029045643153526972,-0.2697095435684647,0.14107883817427386,-0.4605809128630705,0.06639004149377593,-0.5062240663900415,0.04564315352697095,-0.3651452282157676,0.058091286307053944,-0.3070539419087137
1,0.0,0.0,-0.2,-0.03404255319148936,-0.425531914893617,-0.17446808510638298,-0.6170212765957447,-0.24680851063829787,-0.7659574468085106,-0.2765957446808511,-0.2978723404255319,-0.4808510638297872,-0.35319148936170214,-0.723404255319149,-0.3872340425531915,-0.8723404255319149,-0.41702127659574467,-1.0,-0.16170212765957448,-0.5063829787234042,-0.2127659574468085,-0.5574468085106383,-0.17872340425531916,-0.3617021276595745,-0.14042553191489363,-0.2723404255319149,-0.01702127659574468,-0.4978723404255319,-0.07659574468085106,-0.5106382978723404,-0.059574468085106386,-0.32340425531914896,-0.03404255319148936,-0.25957446808510637,0.12340425531914893,-0.4723404255319149,0.05531914893617021,-0.5148936170212766,0.03829787234042553,-0.3659574468085106,0.05106382978723404,-0.30638297872340425
1,0.0,0.0,-0.2017167381974249,-0.030042918454935622,-0.4291845493562232,-0.1630901287553648,-0.6266094420600858,-0.23605150214592274,-0.7811158798283262,-0.26180257510729615,-0.3090128755364807,-0.47639484978540775,-0.36909871244635195,-0.721030042918455,-0.40772532188841204,-0.8669527896995708,-0.43776824034334766,-1.0,-0.17167381974248927,-0.5064377682403434,-0.21888412017167383,-0.5579399141630901,-0.1888412017167382,-0.3605150214592275,-0.15021459227467812,-0.27896995708154504,-0.02575107296137339,-0.4978540772532189,-0.07725321888412018,-0.5107296137339056,-0.06437768240343347,-0.3261802575107296,-0.04291845493562232,-0.27467811158798283,0.11587982832618025,-0.4721030042918455,0.055793991416309016,-0.5150214592274678,0.03862660944206009,-0.36909871244635195,0.05150214592274678,-0.31759656652360513
2,0.0,0.0,-0.14022140221402213,-0.055350553505535055,-0.22140221402214022,-0.18081180811808117,-0.14760147601476015,-0.2730627306273063,-0.06642066420664207,-0.35424354243542433,-0.2140221402214022,-0.46494464944649444,-0.2767527675276753,-0.6826568265682657,-0.3173431734317343,-0.8154981549815498,-0.34686346863468637,-0.933579335793358,-0.08118081180811808,-0.4833948339483395,-0.03690036900369004,-0.7084870848708487,-0.0036900369003690036,-0.8634686346863468,0.02214022140221402,-1.0,0.033210332103321034,-0.44280442804428044,0.04428044280442804,-0.41697416974169743,0.007380073800738007,-0.2730627306273063,-0.014760147601476014,-0.18081180811808117,0.12546125461254612,-0.36900369003690037,0.1070110701107011,-0.31365313653136534,0.06273062730627306,-0.2029520295202952,0.02952029520295203,-0.13653136531365315
2,0.0,0.0,-0.14232209737827714,-0.056179775280898875,-0.2209737827715356,-0.1797752808988764,-0.14606741573033707,-0.27340823970037453,-0.06741573033707865,-0.36329588014981273,-0.21348314606741572,-0.4681647940074906,-0.2846441947565543,-0.6853932584269663,-0.3258426966292135,-0.8202247191011236,-0.3595505617977528,-0.9400749063670412,-0.07865168539325842,-0.4868913857677903,-0.04119850187265917,-0.7116104868913857,-0.003745318352059925,-0.8689138576779026,0.026217228464419477,-1.0,0.033707865168539325,-0.44569288389513106,0.04119850187265917,-0.41198501872659177,0.0,-0.26591760299625467,-0.026217228464419477,-0.1760299625468165,0.1198501872659176,-0.37453183520599254,0.10486891385767791,-0.3146067415730337,0.056179775280898875,-0.20224719101123595,0.02247191011235955,-0.1348314606741573
2,0.0,0.0,-0.14772727272727273,-0.056818181818181816,-0.22727272727272727,-0.18181818181818182,-0.1553030303030303,-0.2727272727272727,-0.07954545454545454,-0.3522727272727273,-0.2196969696969697,-0.4621212121212121,-0.29545454545454547,-0.6818181818181818,-0.3371212121212121,-0.8181818181818182,-0.3712121212121212,-0.9393939393939394,-0.08333333333333333,-0.4810606060606061,-0.04924242424242424,-0.7083333333333334,-0.01893939393939394,-0.8674242424242424,0.011363636363636364,-1.0,0.03409090909090909,-0.4431818181818182,0.026515151515151516,-0.4015151515151515,-0.011363636363636364,-0.25757575757575757,-0.030303030303030304,-0.16666666666666666,0.125,-0.3712121212121212,0.0946969696969697,-0.3068181818181818,0.04924242424242424,-0.20075757575757575,0.022727272727272728,-0.12878787878787878
2,0.0,0.0,-0.14615384615384616,-0.046153846153846156,-0.2423076923076923,-0.16923076923076924,-0.17692307692307693,-0.26153846153846155,-0.1,-0.3423076923076923,-0.25,-0.4576923076923077,-0.3269230769230769,-0.6884615384615385,-0.38076923076923075,-0.823076923076923,-0.4269230769230769,-0.9384615384615385,-0.11153846153846154,-0.47692307692307695,-0.08846153846153847,-0.7076923076923077,-0.06538461538461539,-0.8692307692307693,-0.04230769230769231,-1.0,0.007692307692307693,-0.4461538461538462,-0.0038461538461538464,-0.40384615384615385,-0.03461538461538462,-0.2653846153846154,-0.04230769230769231,-0.17692307692307693,0.10384615384615385,-0.38076923076923075,0.06923076923076923,-0.3076923076923077,0.03076923076923077,-0.2076923076923077,0.011538461538461539,-0.14615384615384616
2,0.0,0.0,-0.15139442231075698,-0.035856573705179286,-0.27091633466135456,-0.13545816733067728,-0.20717131474103587,-0.21912350597609562,-0.13545816733067728,-0.30278884462151395,-0.2788844621513944,-0.44223107569721115,-0.38645418326693226,-0.6613545816733067,-0.4541832669322709,-0.7888446215139442,-0.50199203187251,-0.9083665338645418,-0.1394422310756972,-0.4820717131474104,-0.13545816733067728,-0.701195219123506,-0.13147410358565736,-0.8605577689243028,-0.11952191235059761,-1.0,-0.00796812749003984,-0.46215139442231074,-0.01593625498007968,-0.3665338645418327,-0.04780876494023904,-0.20717131474103587,-0.05976095617529881,-0.099601593625498,0.099601593625498,-0.40239043824701193,0.07171314741035857,-0.2908366533864542,0.03187250996015936,-0.1752988047808765,0.01593625498007968,-0.09561752988047809
2,0.0,0.0,-0.14227642276422764,-0.02032520325203252,-0.26422764227642276,-0.10569105691056911,-0.22357723577235772,-0.1991869918699187,-0.15447154471544716,-0.2926829268292683,-0.3008130081300813,-0.4186991869918699,-0.4349593495934959,-0.6178861788617886,-0.5203252032520326,-0.7398373983739838,-0.5853658536585366,-0.8536585365853658,-0.16260162601626016,-0.46747967479674796,-0.18699186991869918,-0.6951219512195121,-0.1910569105691057,-0.8536585365853658,-0.18699186991869918,-1.0,-0.028455284552845527,-0.45121951219512196,-0.052845528455284556,-0.35365853658536583,-0.07723577235772358,-0.18292682926829268,-0.08536585365853659,-0.07317073170731707,0.08130081300813008,-0.3943089430894309,0.036585365853658534,-0.27235772357723576,0.0040650406504065045,-0.14634146341463414,-0.0040650406504065045,-0.06910569105691057
2,0.0,0.0,-0.1469387755102041,-0.036734693877551024,-0.2530612244897959,-0.13877551020408163,-0.2,-0.23265306122448978,-0.12653061224489795,-0.3183673469387755,-0.27755102040816326,-0.44081632653061226,-0.4,-0.6448979591836734,-0.4775510204081633,-0.763265306122449,-0.5510204081632653,-0.8734693877551021,-0.13877551020408163,-0.47346938775510206,-0.1510204081632653,-0.710204081632653,-0.1510204081632653,-0.8653061224489796,-0.15510204081632653,-1.0,-0.012244897959183673,-0.45714285714285713,-0.0326530612244898,-0.39183673469387753,-0.061224489795918366,-0.22448979591836735,-0.06938775510204082,-0.11836734693877551,0.09387755102040816,-0.4,0.053061224489795916,-0.31020408163265306,0.02040816326530612,-0.1836734693877551,0.00816326530612245,-0.09795918367346938
2,0.0,0.0,-0.1377952755905512,-0.047244094488188976,-0.21653543307086615,-0.16141732283464566,-0.16141732283464566,-0.2559055118110236,-0.0984251968503937,-0.35039370078740156,-0.24803149606299213,-0.44881889763779526,-0.3228346456692913,-0.6811023622047244,-0.38188976377952755,-0.8110236220472441,-0.43700787401574803,-0.9212598425196851,-0.1141732283464567,-0.4763779527559055,-0.09055118110236221,-0.7047244094488189,-0.06692913385826772,-0.8661417322834646,-0.04330708661417323,-1.0,0.007874015748031496,-0.44881889763779526,0.003937007874015748,-0.3937007874015748,-0.01968503937007874,-0.2440944881889764,-0.03543307086614173,-0.14960629921259844,0.10236220472440945,-0.3858267716535433,0.07874015748031496,-0.3110236220472441,0.047244094488188976,-0.1968503937007874,0.031496062992125984,-0.1220472440944882
2,0.0,0.0,-0.14624505928853754,-0.07114624505928854,-0.20948616600790515,-0.1976284584980237,-0.11067193675889328,-0.28063241106719367,-0.015810276679841896,-0.35968379446640314,-0.17786561264822134,-0.48616600790513836,-0.18972332015810275,-0.7193675889328063,-0.19367588932806323,-0.8656126482213439,-0.19367588932806323,-0.9920948616600791,-0.039525691699604744,-0.4980237154150198,0.023715415019762844,-0.7154150197628458,0.07905138339920949,-0.8695652173913043,0.13043478260869565,-1.0,0.06719367588932806,-0.4505928853754941,0.08300395256916997,-0.391304347826087,0.02766798418972332,-0.25691699604743085,-0.007905138339920948,-0.17786561264822134,0.15019762845849802,-0.3675889328063241,0.12648221343873517,-0.28063241106719367,0.07114624505928854,-0.1857707509881423,0.03557312252964427,-0.13438735177865613
2,0.0,0.0,-0.15019762845849802,-0.07114624505928854,-0.21739130434782608,-0.2015810276679842,-0.11462450592885376,-0.2845849802371542,-0.011857707509881422,-0.35968379446640314,-0.17786561264822134,-0.4901185770750988,-0.16996047430830039,-0.7233201581027668,-0.16205533596837945,-0.8735177865612648,-0.15019762845849802,-1.0,-0.043478260869565216,-0.49407114624505927,0.02766798418972332,-0.7154150197628458,0.08695652173913043,-0.8656126482213439,0.1422924901185771,-0.9960474308300395,0.07114624505928854,-0.4426877470355731,0.07114624505928854,-0.42292490118577075,0.011857707509881422,-0.30039525691699603,-0.023715415019762844,-0.22924901185770752,0.1541501976284585,-0.35968379446640314,0.11857707509881422,-0.308300395256917,0.05533596837944664,-0.22134387351778656,0.019762845849802372,-0.17391304347826086
2,0.0,0.0,-0.14741035856573706,-0.055776892430278883,-0.21912350597609562,-0.1752988047808765,-0.13545816733067728,-0.26294820717131473,-0.043824701195219126,-0.350597609561753,-0.2151394422310757,-0.46613545816733065,-0.3147410358565737,-0.6812749003984063,-0.3745019920318725,-0.8167330677290837,-0.41832669322709165,-0.9282868525896414,-0.07171314741035857,-0.4860557768924303,-0.02390438247011952,-0.7131474103585658,0.0199203187250996,-0.8685258964143426,0.06772908366533864,-1.0,0.0398406374501992,-0.44223107569721115,0.04780876494023904,-0.4063745019920319,-0.00398406374501992,-0.26693227091633465,-0.035856573705179286,-0.19123505976095617,0.12749003984063745,-0.36254980079681276,0.10358565737051793,-0.3107569721115538,0.05179282868525897,-0.2151394422310757,0.01195219123505976,-0.16334661354581673

3,0.0,0.0,-0.17712177121771217,-0.04059040590405904,-0.34686346863468637,-0.12546125461254612,-0.47232472324723246,-0.18081180811808117,-0.5682656826568265,-0.26199261992619927,-0.3062730627306273,-0.41697416974169743,-0.44649446494464945,-0.5055350553505535,-0.5018450184501845,-0.3985239852398524,-0.4981549815498155,-0.2952029520295203,-0.22878228782287824,-0.4833948339483395,-0.33579335793357934,-0.6937269372693727,-0.4059040590405904,-0.8339483394833949,-0.45387453874538747,-0.959409594095941,-0.12177121771217712,-0.4907749077490775,-0.14760147601476015,-0.7232472324723247,-0.16605166051660517,-0.8708487084870848,-0.1918819188191882,-1.0,-0.0036900369003690036,-0.4354243542435424,0.055350553505535055,-0.6051660516605166,0.08118081180811808,-0.7232472324723247,0.09225092250922509,-0.8339483394833949
3,0.0,0.0,-0.17647058823529413,-0.03676470588235294,-0.3382352941176471,-0.1323529411764706,-0.45955882352941174,-0.1948529411764706,-0.5588235294117647,-0.26838235294117646,-0.2977941176470588,-0.4264705882352941,-0.44485294117647056,-0.5110294117647058,-0.49264705882352944,-0.39705882352941174,-0.48161764705882354,-0.29044117647058826,-0.22426470588235295,-0.49264705882352944,-0.33455882352941174,-0.6948529411764706,-0.40441176470588236,-0.8272058823529411,-0.4485294117647059,-0.9522058823529411,-0.1213235294117647,-0.4963235294117647,-0.14338235294117646,-0.7242647058823529,-0.16176470588235295,-0.8713235294117647,-0.1801470588235294,-1.0,-0.007352941176470588,-0.4411764705882353,0.05514705882352941,-0.6066176470588235,0.08088235294117647,-0.7242647058823529,0.09558823529411764,-0.8308823529411765
3,0.0,0.0,-0.17518248175182483,-0.043795620437956206,-0.33211678832116787,-0.1386861313868613,-0.4489051094890511,-0.20072992700729927,-0.5474452554744526,-0.2773722627737226,-0.291970802919708,-0.4306569343065693,-0.4306569343065693,-0.5145985401459854,-0.48175182481751827,-0.4051094890510949,-0.4744525547445255,-0.3029197080291971,-0.21897810218978103,-0.48905109489051096,-0.3284671532846715,-0.6970802919708029,-0.39416058394160586,-0.8284671532846716,-0.43795620437956206,-0.9525547445255474,-0.11678832116788321,-0.48905109489051096,-0.13503649635036497,-0.718978102189781,-0.15328467153284672,-0.864963503649635,-0.17518248175182483,-1.0,-0.0036496350364963502,-0.4306569343065693,0.06204379562043796,-0.5912408759124088,0.09124087591240876,-0.7116788321167883,0.10948905109489052,-0.8248175182481752
3,0.0,0.0,-0.16728624535315986,-0.048327137546468404,-0.31970260223048325,-0.1524163568773234,-0.43866171003717475,-0.22304832713754646,-0.5315985130111525,-0.3048327137546468,-0.26022304832713755,-0.43866171003717475,-0.3940520446096654,-0.5390334572490706,-0.44981412639405205,-0.4312267657992565,-0.45353159851301117,-0.32342007434944237,-0.1821561338289963,-0.4944237918215613,-0.27137546468401486,-0.7063197026022305,-0.3345724907063197,-0.8438661710037175,-0.3754646840148699,-0.9739776951672863,-0.08178438661710037,-0.48698884758364314,-0.08178438661710037,-0.7174721189591078,-0.09293680297397769,-0.862453531598513,-0.10408921933085502,-1.0,0.02973977695167286,-0.42379182156133827,0.10780669144981413,-0.5799256505576208,0.1524163568773234,-0.6988847583643123,0.1821561338289963,-0.8104089219330854
3,0.0,0.0,-0.16605166051660517,-0.055350553505535055,-0.3173431734317343,-0.16236162361623616,-0.43911439114391143,-0.23985239852398524,-0.5276752767527675,-0.3247232472324723,-0.25461254612546125,-0.44649446494464945,-0.3763837638376384,-0.5535055350553506,-0.44280442804428044,-0.45387453874538747,-0.45018450184501846,-0.34317343173431736,-0.17343173431734318,-0.5018450184501845,-0.25092250922509224,-0.7195571955719557,-0.3062730627306273,-0.8560885608856088,-0.34317343173431736,-0.981549815498155,-0.07011070110701106,-0.4944649446494465,-0.06642066420664207,-0.7195571955719557,-0.07011070110701106,-0.8671586715867159,-0.08118081180811808,-1.0,0.04059040590405904,-0.4280442804428044,0.12177121771217712,-0.5756457564575646,0.16605166051660517,-0.6900369003690037,0.1992619926199262,-0.7970479704797048
3,0.0,0.0,-0.16483516483516483,-0.054945054945054944,-0.31135531135531136,-0.17216117216117216,-0.42857142857142855,-0.25274725274725274,-0.5164835164835165,-0.336996336996337,-0.23443223443223443,-0.4542124542124542,-0.358974358974359,-0.5641025641025641,-0.42124542124542125,-0.46153846153846156,-0.42857142857142855,-0.3516483516483517,-0.15384615384615385,-0.5091575091575091,-0.22344322344322345,-0.7252747252747253,-0.2783882783882784,-0.8608058608058609,-0.31135531135531136,-0.9853479853479854,-0.05128205128205128,-0.4981684981684982,-0.03663003663003663,-0.7216117216117216,-0.03296703296703297,-0.8681318681318682,-0.03663003663003663,-1.0,0.05128205128205128,-0.4249084249084249,0.14652014652014653,-0.5677655677655677,0.20146520146520147,-0.6813186813186813,0.24175824175824176,-0.7838827838827839
3,0.0,0.0,-0.16483516483516483,-0.05860805860805861,-0.3076923076923077,-0.18681318681318682,-0.42124542124542125,-0.27472527472527475,-0.5091575091575091,-0.358974358974359,-0.22344322344322345,-0.45787545787545786,-0.34065934065934067,-0.5677655677655677,-0.4139194139194139,-0.4725274725274725,-0.42124542124542125,-0.3663003663003663,-0.1391941391941392,-0.5128205128205128,-0.2087912087912088,-0.7289377289377289,-0.2564102564102564,-0.8717948717948718,-0.2857142857142857,-1.0,-0.03663003663003663,-0.5018315018315018,-0.014652014652014652,-0.7252747252747253,-0.01098901098901099,-0.8717948717948718,-0.014652014652014652,-1.0,0.06593406593406594,-0.4358974358974359,0.16117216117216118,-0.575091575091575,0.21611721611721613,-0.684981684981685,0.25274725274725274,-0.7875457875457875
3,0.0,0.0,-0.16727272727272727,-0.06181818181818182,-0.3054545454545455,-0.19272727272727272,-0.41818181818181815,-0.28363636363636363,-0.49454545454545457,-0.3781818181818182,-0.2109090909090909,-0.4581818181818182,-0.32,-0.5745454545454546,-0.3927272727272727,-0.48727272727272725,-0.4036363636363636,-0.38545454545454544,-0.12,-0.509090909090909,-0.18181818181818182,-0.7272727272727273,-0.22545454545454546,-0.8690909090909091,-0.2545454545454545,-1.0,-0.01818181818181818,-0.49454545454545457,0.014545454545454545,-0.72,0.02909090909090909,-0.8618181818181818,0.03272727272727273,-0.9927272727272727,0.08,-0.4254545454545455,0.18545454545454546,-0.56,0.24363636363636362,-0.6654545454545454,0.2872727272727273,-0.7672727272727272
3,0.0,0.0,-0.15942028985507245,-0.06521739130434782,-0.2971014492753623,-0.19202898550724637,-0.40217391304347827,-0.2898550724637681,-0.4782608695652174,-0.38405797101449274,-0.19202898550724637,-0.4601449275362319,-0.3007246376811594,-0.5833333333333334,-0.3695652173913043,-0.4927536231884058,-0.3804347826086957,-0.38768115942028986,-0.09782608695652174,-0.5108695652173914,-0.14855072463768115,-0.7318840579710145,-0.18115942028985507,-0.8731884057971014,-0.19927536231884058,-1.0,0.0036231884057971015,-0.4963768115942029,0.043478260869565216,-0.7101449275362319,0.06884057971014493,-0.8478260869565217,0.08333333333333333,-0.9746376811594203,0.10144927536231885,-0.42028985507246375,0.20652173913043478,-0.5507246376811594,0.2717391304347826,-0.6485507246376812,0.3188405797101449,-0.7427536231884058
3,0.0,0.0,-0.16,-0.06181818181818182,-0.29818181818181816,-0.19636363636363635,-0.4036363636363636,-0.2909090909090909,-0.4763636363636364,-0.38181818181818183,-0.19272727272727272,-0.45454545454545453,-0.29818181818181816,-0.5709090909090909,-0.36727272727272725,-0.48,-0.38181818181818183,-0.38181818181818183,-0.10181818181818182,-0.5054545454545455,-0.15272727272727274,-0.7272727272727273,-0.1890909090909091,-0.8727272727272727,-0.2109090909090909,-1.0,0.0,-0.4909090909090909,0.04,-0.7090909090909091,0.06181818181818182,-0.8472727272727273,0.07636363636363637,-0.9781818181818182,0.09454545454545454,-0.41818181818181815,0.20363636363636364,-0.5418181818181819,0.26545454545454544,-0.6436363636363637,0.31636363636363635,-0.7345454545454545
4,0.0,0.0,-0.16810344827586207,-0.15948275862068967,-0.1896551724137931,-0.36637931034482757,-0.1810344827586207,-0.5258620689655172,-0.1810344827586207,-0.6422413793103449,-0.08189655172413793,-0.46551724137931033,-0.14655172413793102,-0.6767241379310345,-0.1724137931034483,-0.8275862068965517,-0.1810344827586207,-0.9525862068965517,-0.05172413793103448,-0.45689655172413796,-0.14224137931034483,-0.6939655172413793,-0.1810344827586207,-0.853448275862069,-0.1939655172413793,-1.0,-0.06465517241379311,-0.4224137931034483,-0.15086206896551724,-0.6508620689655172,-0.1853448275862069,-0.7931034482758621,-0.1939655172413793,-0.9224137931034483,-0.11206896551724138,-0.375,-0.15948275862068967,-0.521551724137931,-0.1810344827586207,-0.6206896551724138,-0.1896551724137931,-0.7155172413793104
4,0.0,0.0,-0.15584415584415584,-0.17316017316017315,-0.17316017316017315,-0.37662337662337664,-0.16883116883116883,-0.5281385281385281,-0.17316017316017315,-0.645021645021645,-0.08658008658008658,-0.47619047619047616,-0.15151515151515152,-0.683982683982684,-0.17316017316017315,-0.8268398268398268,-0.18181818181818182,-0.9523809523809523,-0.05627705627705628,-0.46320346320346323,-0.1471861471861472,-0.696969696969697,-0.18181818181818182,-0.8571428571428571,-0.19047619047619047,-1.0,-0.06493506493506493,-0.42857142857142855,-0.15151515151515152,-0.658008658008658,-0.18614718614718614,-0.8051948051948052,-0.19480519480519481,-0.935064935064935,-0.11255411255411256,-0.3852813852813853,-0.16017316017316016,-0.5367965367965368,-0.18181818181818182,-0.6406926406926406,-0.19480519480519481,-0.7359307359307359
4,0.0,0.0,-0.16521739130434782,-0.17391304347826086,-0.1826086956521739,-0.3739130434782609,-0.17391304347826086,-0.5260869565217391,-0.1782608695652174,-0.6434782608695652,-0.0782608695652174,-0.47391304347826085,-0.14347826086956522,-0.6826086956521739,-0.16956521739130434,-0.8304347826086956,-0.1782608695652174,-0.9521739130434783,-0.04782608695652174,-0.4608695652173913,-0.1391304347826087,-0.6956521739130435,-0.1782608695652174,-0.8565217391304348,-0.19130434782608696,-1.0,-0.06086956521739131,-0.4260869565217391,-0.15217391304347827,-0.6521739130434783,-0.18695652173913044,-0.7956521739130434,-0.1956521739130435,-0.9260869565217391,-0.11304347826086956,-0.3782608695652174,-0.16521739130434782,-0.5304347826086957,-0.1826086956521739,-0.6304347826086957,-0.19130434782608696,-0.7260869565217392
4,0.0,0.0,-0.1694915254237288,-0.1694915254237288,-0.1906779661016949,-0.3686440677966102,-0.17796610169491525,-0.5169491525423728,-0.1864406779661017,-0.6313559322033898,-0.0847457627118644,-0.4703389830508475,-0.1483050847457627,-0.673728813559322,-0.17796610169491525,-0.8220338983050848,-0.1864406779661017,-0.9491525423728814,-0.05508474576271186,-0.461864406779661,-0.1440677966101695,-0.690677966101695,-0.18220338983050846,-0.8516949152542372,-0.19491525423728814,-1.0,-0.0635593220338983,-0.4322033898305085,-0.15254237288135594,-0.652542372881356,-0.1864406779661017,-0.8008474576271186,-0.19915254237288135,-0.9279661016949152,-0.11016949152542373,-0.3898305084745763,-0.16101694915254236,-0.538135593220339,-0.18220338983050846,-0.6398305084745762,-0.1906779661016949,-0.7372881355932204
4,0.0,0.0,-0.1794871794871795,-0.1581196581196581,-0.20085470085470086,-0.358974358974359,-0.19230769230769232,-0.5128205128205128,-0.19230769230769232,-0.6282051282051282,-0.08547008547008547,-0.4700854700854701,-0.15384615384615385,-0.6752136752136753,-0.1794871794871795,-0.8247863247863247,-0.18376068376068377,-0.9529914529914529,-0.05128205128205128,-0.45726495726495725,-0.1452991452991453,-0.6923076923076923,-0.18376068376068377,-0.8547008547008547,-0.19658119658119658,-1.0,-0.05982905982905983,-0.42735042735042733,-0.14957264957264957,-0.6538461538461539,-0.18376068376068377,-0.7991452991452992,-0.19658119658119658,-0.9316239316239316,-0.10683760683760683,-0.38461538461538464,-0.1581196581196581,-0.5341880341880342,-0.1794871794871795,-0.6367521367521367,-0.18803418803418803,-0.7307692307692307
4,0.0,0.0,-0.17094017094017094,-0.16666666666666666,-0.19230769230769232,-0.36324786324786323,-0.18803418803418803,-0.5085470085470085,-0.19230769230769232,-0.6239316239316239,-0.08547008547008547,-0.4700854700854701,-0.14957264957264957,-0.6794871794871795,-0.1752136752136752,-0.8247863247863247,-0.18376068376068377,-0.9529914529914529,-0.05555555555555555,-0.46153846153846156,-0.1452991452991453,-0.6965811965811965,-0.1794871794871795,-0.8547008547008547,-0.19230769230769232,-1.0,-0.05982905982905983,-0.4358974358974359,-0.14957264957264957,-0.6581196581196581,-0.18376068376068377,-0.8034188034188035,-0.19230769230769232,-0.9358974358974359,-0.10683760683760683,-0.3888888888888889,-0.15384615384615385,-0.5341880341880342,-0.1752136752136752,-0.6324786324786325,-0.18376068376068377,-0.7264957264957265
4,0.0,0.0,-0.18454935622317598,-0.1630901287553648,-0.21030042918454936,-0.3605150214592275,-0.2017167381974249,-0.5021459227467812,-0.20600858369098712,-0.6094420600858369,-0.08583690987124463,-0.4721030042918455,-0.15450643776824036,-0.6824034334763949,-0.18025751072961374,-0.8326180257510729,-0.1888412017167382,-0.9613733905579399,-0.05150214592274678,-0.463519313304721,-0.15021459227467812,-0.6995708154506438,-0.1888412017167382,-0.8540772532188842,-0.2017167381974249,-1.0,-0.060085836909871244,-0.4334763948497854,-0.15450643776824036,-0.6523605150214592,-0.1888412017167382,-0.7982832618025751,-0.19742489270386265,-0.927038626609442,-0.11587982832618025,-0.38197424892703863,-0.1630901287553648,-0.5278969957081545,-0.18454935622317598,-0.6266094420600858,-0.19742489270386265,-0.721030042918455
4,0.0,0.0,-0.17167381974248927,-0.17167381974248927,-0.19742489270386265,-0.3648068669527897,-0.19313304721030042,-0.5064377682403434,-0.19742489270386265,-0.6223175965665236,-0.0815450643776824,-0.47639484978540775,-0.15021459227467812,-0.6824034334763949,-0.1759656652360515,-0.8283261802575107,-0.1888412017167382,-0.9527896995708155,-0.04721030042918455,-0.463519313304721,-0.1459227467811159,-0.6952789699570815,-0.18025751072961374,-0.8540772532188842,-0.19742489270386265,-1.0,-0.055793991416309016,-0.4291845493562232,-0.1459227467811159,-0.6523605150214592,-0.18454935622317598,-0.8025751072961373,-0.19313304721030042,-0.9313304721030042,-0.1072961373390558,-0.38197424892703863,-0.15450643776824036,-0.5364806866952789,-0.18025751072961374,-0.6394849785407726,-0.1888412017167382,-0.7339055793991416
4,0.0,0.0,-0.18220338983050846,-0.1694915254237288,-0.19915254237288135,-0.3601694915254237,-0.1906779661016949,-0.5042372881355932,-0.19491525423728814,-0.6186440677966102,-0.08050847457627118,-0.4788135593220339,-0.1483050847457627,-0.6779661016949152,-0.17372881355932204,-0.8220338983050848,-0.18220338983050846,-0.9491525423728814,-0.046610169491525424,-0.4661016949152542,-0.13983050847457626,-0.6949152542372882,-0.18220338983050846,-0.8559322033898306,-0.19491525423728814,-1.0,-0.05084745762711865,-0.4364406779661017,-0.1440677966101695,-0.6567796610169492,-0.18220338983050846,-0.8050847457627118,-0.19491525423728814,-0.9364406779661016,-0.1016949152542373,-0.3940677966101695,-0.15254237288135594,-0.5466101694915254,-0.17372881355932204,-0.652542372881356,-0.18220338983050846,-0.75
4,0.0,0.0,-0.1694915254237288,-0.1652542372881356,-0.1906779661016949,-0.3601694915254237,-0.1864406779661017,-0.5,-0.19915254237288135,-0.6186440677966102,-0.08050847457627118,-0.4703389830508475,-0.1440677966101695,-0.6779661016949152,-0.1694915254237288,-0.826271186440678,-0.17796610169491525,-0.9533898305084746,-0.046610169491525424,-0.4576271186440678,-0.13983050847457626,-0.6949152542372882,-0.17796610169491525,-0.8559322033898306,-0.1906779661016949,-1.0,-0.05508474576271186,-0.4279661016949153,-0.1440677966101695,-0.652542372881356,-0.17796610169491525,-0.8008474576271186,-0.1906779661016949,-0.9364406779661016,-0.1059322033898305,-0.3855932203389831,-0.15254237288135594,-0.5423728813559322,-0.17372881355932204,-0.6483050847457628,-0.18220338983050846,-0.75
5,0.0,0.0,-0.2857142857142857,-0.08465608465608465,-0.5555555555555556,-0.17989417989417988,-0.7883597883597884,-0.24338624338624337,-1.0,-0.30158730158730157,-0.4656084656084656,-0.5291005291005291,-0.48677248677248675,-0.19576719576719576,-0.4656084656084656,0.026455026455026454,-0.43915343915343913,0.19576719576719576,-0.26455026455026454,-0.582010582010582,-0.30158730158730157,-0.15343915343915343,-0.291005291005291,0.08465608465608465,-0.2751322751322751,0.2698412698412698,-0.06878306878306878,-0.5661375661375662,-0.12698412698412698,-0.14285714285714285,-0.15343915343915343,0.08994708994708994,-0.164021164021164,0.2698412698412698,0.10582010582010581,-0.5026455026455027,0.042328042328042326,-0.2222222222222222,0.0,-0.05291005291005291,-0.047619047619047616,0.08465608465608465
5,0.0,0.0,-0.28415300546448086,-0.07650273224043716,-0.5573770491803278,-0.17486338797814208,-0.7868852459016393,-0.23497267759562843,-1.0,-0.31693989071038253,-0.453551912568306,-0.5300546448087432,-0.47540983606557374,-0.17486338797814208,-0.4644808743169399,0.060109289617486336,-0.4371584699453552,0.22404371584699453,-0.25136612021857924,-0.5901639344262295,-0.2896174863387978,-0.1366120218579235,-0.28415300546448086,0.09836065573770492,-0.2677595628415301,0.28415300546448086,-0.04918032786885246,-0.5737704918032787,-0.1092896174863388,-0.12568306010928962,-0.14207650273224043,0.10382513661202186,-0.15846994535519127,0.28415300546448086,0.12568306010928962,-0.5081967213114754,0.06557377049180328,-0.21311475409836064,0.02185792349726776,-0.03278688524590164,-0.03278688524590164,0.10382513661202186
5,0.0,0.0,-0.27071823204419887,-0.049723756906077346,-0.5469613259668509,-0.12154696132596685,-0.7845303867403315,-0.1712707182320442,-1.0,-0.23756906077348067,-0.43646408839779005,-0.4585635359116022,-0.44751381215469616,-0.09944751381215469,-0.43646408839779005,0.1270718232044199,-0.4143646408839779,0.2983425414364641,-0.2265193370165746,-0.5082872928176796,-0.2596685082872928,-0.06077348066298342,-0.2541436464088398,0.17679558011049723,-0.2430939226519337,0.3701657458563536,-0.022099447513812154,-0.49171270718232046,-0.08287292817679558,-0.04419889502762431,-0.10497237569060773,0.1878453038674033,-0.11602209944751381,0.3756906077348066,0.16022099447513813,-0.425414364640884,0.09944751381215469,-0.13812154696132597,0.055248618784530384,0.03314917127071823,0.0055248618784530384,0.1712707182320442
5,0.0,0.0,-0.27956989247311825,-0.08602150537634409,-0.5591397849462365,-0.1935483870967742,-0.7903225806451613,-0.25806451612903225,-1.0,-0.3279569892473118,-0.46774193548387094,-0.543010752688172,-0.4946236559139785,-0.1935483870967742,-0.478494623655914,0.03225806451612903,-0.45698924731182794,0.1935483870967742,-0.26344086021505375,-0.5913978494623656,-0.3064516129032258,-0.15591397849462366,-0.3010752688172043,0.08064516129032258,-0.2903225806451613,0.26344086021505375,-0.06989247311827956,-0.5806451612903226,-0.12903225806451613,-0.13978494623655913,-0.15053763440860216,0.0967741935483871,-0.17204301075268819,0.27956989247311825,0.10215053763440861,-0.510752688172043,0.04838709677419355,-0.23118279569892472,0.0,-0.05913978494623656,-0.05913978494623656,0.07526881720430108
5,0.0,0.0,-0.27956989247311825,-0.08064516129032258,-0.5591397849462365,-0.1881720430107527,-0.7903225806451613,-0.24731182795698925,-1.0,-0.3172043010752688,-0.46774193548387094,-0.532258064516129,-0.4838709677419355,-0.1774193548387097,-0.46774193548387094,0.04838709677419355,-0.44623655913978494,0.20967741935483872,-0.26881720430107525,-0.5860215053763441,-0.3010752688172043,-0.14516129032258066,-0.2903225806451613,0.0913978494623656,-0.27419354838709675,0.27956989247311825,-0.06989247311827956,-0.5698924731182796,-0.12365591397849462,-0.13440860215053763,-0.14516129032258066,0.10215053763440861,-0.15591397849462366,0.2849462365591398,0.10752688172043011,-0.5053763440860215,0.043010752688172046,-0.20967741935483872,0.0,-0.03763440860215054,-0.053763440860215055,0.0913978494623656
5,0.0,0.0,-0.28804347826086957,-0.07608695652173914,-0.5597826086956522,-0.17391304347826086,-0.7934782608695652,-0.23369565217391305,-1.0,-0.30434782608695654,-0.47282608695652173,-0.5271739130434783,-0.4945652173913043,-0.16304347826086957,-0.4782608695652174,0.06521739130434782,-0.45652173913043476,0.22826086956521738,-0.2717391304347826,-0.5760869565217391,-0.30434782608695654,-0.125,-0.29891304347826086,0.11413043478260869,-0.28804347826086957,0.29891304347826086,-0.07065217391304347,-0.5597826086956522,-0.13043478260869565,-0.11413043478260869,-0.15217391304347827,0.11956521739130435,-0.16847826086956522,0.30434782608695654,0.10869565217391304,-0.4945652173913043,0.05434782608695652,-0.20652173913043478,0.010869565217391304,-0.03804347826086957,-0.03804347826086957,0.09782608695652174
5,0.0,0.0,-0.2756756756756757,-0.07567567567567568,-0.5567567567567567,-0.16756756756756758,-0.7891891891891892,-0.22702702702702704,-1.0,-0.2972972972972973,-0.4594594594594595,-0.5081081081081081,-0.4810810810810811,-0.15675675675675677,-0.4648648648648649,0.06486486486486487,-0.44324324324324327,0.22162162162162163,-0.2594594594594595,-0.5621621621621622,-0.2918918918918919,-0.11891891891891893,-0.2864864864864865,0.11351351351351352,-0.2756756756756757,0.2918918918918919,-0.05945945945945946,-0.5459459459459459,-0.11351351351351352,-0.10810810810810811,-0.14054054054054055,0.12432432432432433,-0.16216216216216217,0.3027027027027027,0.11891891891891893,-0.4810810810810811,0.05945945945945946,-0.1945945945945946,0.016216216216216217,-0.02702702702702703,-0.03783783783783784,0.10810810810810811
5,0.0,0.0,-0.2810810810810811,-0.0918918918918919,-0.5567567567567567,-0.20540540540540542,-0.7891891891891892,-0.2810810810810811,-1.0,-0.3567567567567568,-0.4648648648648649,-0.572972972972973,-0.4918918918918919,-0.22702702702702704,-0.4756756756756757,0.005405405405405406,-0.4540540540540541,0.16756756756756758,-0.2648648648648649,-0.6270270270270271,-0.3027027027027027,-0.1783783783783784,-0.2972972972972973,0.05945945945945946,-0.2810810810810811,0.24324324324324326,-0.06486486486486487,-0.6108108108108108,-0.12972972972972974,-0.17297297297297298,-0.15135135135135136,0.06486486486486487,-0.16756756756756758,0.24864864864864866,0.10810810810810811,-0.5405405405405406,0.04864864864864865,-0.25405405405405407,0.005405405405405406,-0.07567567567567568,-0.04864864864864865,0.05945945945945946
5,0.0,0.0,-0.273224043715847,-0.07103825136612021,-0.5519125683060109,-0.16939890710382513,-0.7868852459016393,-0.22950819672131148,-1.0,-0.3005464480874317,-0.4426229508196721,-0.5191256830601093,-0.4644808743169399,-0.16393442622950818,-0.453551912568306,0.060109289617486336,-0.4371584699453552,0.22404371584699453,-0.23497267759562843,-0.5737704918032787,-0.273224043715847,-0.12568306010928962,-0.273224043715847,0.11475409836065574,-0.2677595628415301,0.3005464480874317,-0.03278688524590164,-0.5519125683060109,-0.09289617486338798,-0.1092896174863388,-0.12568306010928962,0.12568306010928962,-0.14754098360655737,0.3114754098360656,0.14207650273224043,-0.4808743169398907,0.08196721311475409,-0.1912568306010929,0.03278688524590164,-0.01639344262295082,-0.02185792349726776,0.12021857923497267
5,0.0,0.0,-0.28415300546448086,-0.07650273224043716,-0.5628415300546448,-0.17486338797814208,-0.7923497267759563,-0.23497267759562843,-1.0,-0.3114754098360656,-0.453551912568306,-0.5191256830601093,-0.4808743169398907,-0.17486338797814208,-0.46994535519125685,0.060109289617486336,-0.4426229508196721,0.22950819672131148,-0.25136612021857924,-0.5737704918032787,-0.2896174863387978,-0.12568306010928962,-0.2896174863387978,0.11475409836065574,-0.2786885245901639,0.3005464480874317,-0.0546448087431694,-0.5573770491803278,-0.1092896174863388,-0.1092896174863388,-0.14754098360655737,0.12568306010928962,-0.17486338797814208,0.30601092896174864,0.12021857923497267,-0.4918032786885246,0.060109289617486336,-0.18579234972677597,0.01092896174863388,0.0,-0.04371584699453552,0.1366120218579235
